Area,Item,2000,2010,2015,2020,Land Area(Km2),2000 Population,2010 Population,2015 Population,2020 Population,2000/area,2010/area,2015/area,2020/area,2000/pop,2010/pop,2015/pop,2020/pop
Afghanistan,All sectors with LULUCF,-1474.803,8751.9016,7937.7809,9592.6574,652230.0,19542982.0,28189672.0,33753499.0,38972230.0,-0.0022611701393680144,0.013418428468485042,0.01217021740796958,0.01470747650368735,-7.546458365463368e-05,0.0003104648255573885,0.0002351691272066342,0.00024614083925913403
Afghanistan,All sectors without LULUCF,914.0,8630.0,8184.0,9438.0,652230.0,19542982.0,28189672.0,33753499.0,38972230.0,0.0014013461508976895,0.01323152875519372,0.012547720896002944,0.01447035554942275,4.676870704788041e-05,0.00030614049003479003,0.00024246375168393653,0.00024217243919580686
Albania,All sectors with LULUCF,3344.0616,3806.9481,4040.6095,5026.4672,28748.0,3182021.0,2913399.0,2882481.0,2866849.0,0.11632327814108807,0.13242479824683456,0.1405527167107277,0.17484580492556004,0.0010509237996857972,0.001306703304284789,0.0014017818330805997,0.001753307272200245
Albania,All sectors without LULUCF,3160.67,4930.46,4892.6,5272.85,28748.0,3182021.0,2913399.0,2882481.0,2866849.0,0.1099439961040768,0.17150619173507722,0.17018923055516907,0.18341623765131487,0.0009932901134216273,0.001692339428962528,0.001697357241903763,0.0018392492942600046
Algeria,All sectors with LULUCF,92645.083,118196.1917,166276.544,175699.32,2381741.0,30774621.0,35856344.0,39543154.0,43451666.0,0.03889805104753204,0.04962596340240186,0.06981302500985623,0.0737692805388999,0.003010437821476339,0.0032963815747640082,0.004204938837200492,0.0040435577314803075
Algeria,All sectors without LULUCF,92071.29,120601.69,166901.96,175502.2,2381741.0,30774621.0,35856344.0,39543154.0,43451666.0,0.03865713778282357,0.050635938164561134,0.07007561275554311,0.07368651755165655,0.0029917928152551412,0.0033634686793500195,0.0042207548745352985,0.0040390211965635565
Angola,All sectors with LULUCF,26917.6707,58935.1133,64591.0071,62374.852,1246700.0,16394062.0,23364185.0,28127721.0,33428485.0,0.021591137162107962,0.04727289107243122,0.05180958297906473,0.050031965990214165,0.0016419158778343036,0.002522455343509735,0.002296346977417758,0.0018659192003466505
Angola,All sectors without LULUCF,16725.0,23433.0,29090.0,26890.0,1246700.0,16394062.0,23364185.0,28127721.0,33428485.0,0.013415416700088233,0.018796021496751424,0.023333600705863478,0.021568942006898212,0.0010201864553153453,0.0010029453199416115,0.001034211054638945,0.0008044037891636429
Antigua and Barbuda,All sectors with LULUCF,295.52,458.24,483.16,472.23,443.0,75055.0,85695.0,89941.0,92664.0,0.6670880361173814,1.0344018058690745,1.0906546275395035,1.065981941309255,0.0039373792552128434,0.005347336484042243,0.0053719660666436886,0.005096153846153847
Antigua and Barbuda,All sectors without LULUCF,295.52,458.24,483.16,472.23,443.0,75055.0,85695.0,89941.0,92664.0,0.6670880361173814,1.0344018058690745,1.0906546275395035,1.065981941309255,0.0039373792552128434,0.005347336484042243,0.0053719660666436886,0.005096153846153847
Argentina,All sectors with LULUCF,192303.8578,288819.2697,267179.3126,204717.6459,2780400.0,37070774.0,41100123.0,43257065.0,45036032.0,0.06916409789958279,0.1038768773198101,0.09609383995108618,0.07362884689253345,0.005187478896448183,0.007027211809074148,0.0061765474056087715,0.004545641274524363
Argentina,All sectors without LULUCF,145728.95,191740.1,199361.0,172751.7,2780400.0,37070774.0,41100123.0,43257065.0,45036032.0,0.05241294418069343,0.06896133649834556,0.0717022730542368,0.062131959430297805,0.00393110081812697,0.00466519528420876,0.004608750038866484,0.00383585525474358
Armenia,All sectors with LULUCF,3759.5921,4513.1818,5122.7903,6425.0668,29743.0,3168523.0,2946293.0,2878595.0,2805608.0,0.12640258548229835,0.1517392932790909,0.17223515785226776,0.21601946004101805,0.001186544045916662,0.0015318170324540024,0.0017796148120871466,0.0022900800111776125
Armenia,All sectors without LULUCF,3629.0,4390.0,5201.0,6389.0,29743.0,3168523.0,2946293.0,2878595.0,2805608.0,0.12201190196012507,0.14759775409340012,0.17486467404095082,0.21480684530813973,0.0011453285963207464,0.0014900079523659053,0.0018067842124369702,0.002277224758412437
Aruba,All sectors with LULUCF,2383.3016,2514.2577,902.9935,877.7778,179.0,89101.0,100341.0,104257.0,106585.0,13.31453407821229,14.046132402234637,5.044656424581006,4.903786592178771,0.026748314833728012,0.025057132179268696,0.00866122658430609,0.008235472158371253
Aruba,All sectors without LULUCF,2383.3,2514.35,903.05,877.9,179.0,89101.0,100341.0,104257.0,106585.0,13.314525139664806,14.046648044692738,5.044972067039106,4.9044692737430164,0.026748296876578266,0.025058052042534956,0.00866176851434436,0.008236618661162452
Australia,All sectors with LULUCF,391068.7309,435616.5114,350697.9847,359523.4515,7741220.0,19017963.0,22019168.0,23820236.0,25670051.0,0.05051771308656775,0.056272333223962114,0.04530267641276181,0.04644273790177776,0.020563123973897732,0.019783513682260837,0.014722691441848014,0.014005560468111264
Australia,All sectors without LULUCF,340302.5,405903.9,379804.5,356995.03,7741220.0,19017963.0,22019168.0,23820236.0,25670051.0,0.04395980220172014,0.052434099534698665,0.04906261545337815,0.0461161199397511,0.017893740775497356,0.018434116130091747,0.015944615326229344,0.013907063527065062
Austria,All sectors with LULUCF,52566.9879,65106.9235,57505.0431,52673.5238,83871.0,8010428.0,8362829.0,8642421.0,8907777.0,0.6267599992846157,0.7762745585482467,0.6856367886396967,0.6280302345268329,0.006562319504026502,0.007785274994861188,0.006653811831198689,0.0059132063813452
Austria,All sectors without LULUCF,65861.1,71080.193,64380.193,59600.193,83871.0,8010428.0,8362829.0,8642421.0,8907777.0,0.7852666595128234,0.8474942828868143,0.7676096982270392,0.7106174124548413,0.008221920226984127,0.008499539210953614,0.007449323864227396,0.006690804338725587
Azerbaijan,All sectors with LULUCF,41885.1119,28415.3253,32451.65,34303.9779,86600.0,8190337.0,9237202.0,9863480.0,10284951.0,0.4836618002309469,0.32812153926097,0.37473036951501154,0.39611983718244803,0.0051139668489831374,0.0030761831667208317,0.003290081188383816,0.003335356473744989
Azerbaijan,All sectors without LULUCF,43464.0,30230.0,35300.0,36220.0,86600.0,8190337.0,9237202.0,9863480.0,10284951.0,0.5018937644341801,0.34907621247113163,0.407621247113164,0.4182448036951501,0.0053067413465404415,0.0032726360211674486,0.0035788585772972624,0.0035216502246826456
Bahamas,All sectors with LULUCF,1962.075,2404.222,2053.185,1863.25,13878.0,325014.0,373272.0,392697.0,406471.0,0.1413802421098141,0.17323980400634098,0.14794530912235193,0.13425925925925927,0.006036893795344201,0.006440938511326861,0.0052284203851824685,0.004583967859945728
Bahamas,All sectors without LULUCF,1962.075,2404.222,2053.185,1863.25,13878.0,325014.0,373272.0,392697.0,406471.0,0.1413802421098141,0.17323980400634098,0.14794530912235193,0.13425925925925927,0.006036893795344201,0.006440938511326861,0.0052284203851824685,0.004583967859945728
Bahrain,All sectors with LULUCF,21078.1374,31717.7289,35207.1053,27137.1111,765.0,711442.0,1213645.0,1362142.0,1477469.0,27.553120784313727,41.46108352941176,46.02235986928105,35.473347843137255,0.02962734474489839,0.026134272295440592,0.02584686860841234,0.018367296437353336
Bahrain,All sectors without LULUCF,21080.0,31720.0,35210.0,27140.0,765.0,711442.0,1213645.0,1362142.0,1477469.0,27.555555555555557,41.4640522875817,46.02614379084967,35.47712418300654,0.029629962807930933,0.026136143600476253,0.025848993717248275,0.01836925174064566
Bangladesh,All sectors with LULUCF,47341.0335,74078.4406,92586.2258,111741.2199,148460.0,129193327.0,148391139.0,157830000.0,167420951.0,0.3188807321837532,0.49897912299609326,0.6236442529974404,0.7526688663613095,0.0003664355938445644,0.0004992106745673002,0.0005866199442438067,0.0006674267421883179
Bangladesh,All sectors without LULUCF,29570.0,55910.0,74970.0,94200.0,148460.0,129193327.0,148391139.0,157830000.0,167420951.0,0.1991782298262158,0.3765997575104405,0.5049845076114778,0.6345143472989357,0.00022888179046584968,0.00037677451886126436,0.00047500475194829883,0.0005626535952480643
Barbados,All sectors with LULUCF,1163.0234,1469.6157,1279.5525,1118.2672,430.0,264657.0,274711.0,278083.0,280693.0,2.704705581395349,3.417710930232558,2.975703488372093,2.600621395348837,0.004394455464998092,0.005349679117326937,0.004601333055238904,0.003983951149476474
Barbados,All sectors without LULUCF,1163.0,1471.0,1280.4,1120.1,430.0,264657.0,274711.0,278083.0,280693.0,2.7046511627906975,3.4209302325581397,2.9776744186046513,2.6048837209302325,0.004394367048670543,0.005354718231159291,0.00460438070647972,0.003990480703116928
Belarus,All sectors with LULUCF,45379.8065,60893.4354,65886.1137,61103.6775,207600.0,10256483.0,9731427.0,9700609.0,9633740.0,0.2185925168593449,0.2933209797687861,0.3173704898843931,0.29433370664739883,0.004424499752985502,0.006257400420308348,0.006791956432838392,0.006342674547994859
Belarus,All sectors without LULUCF,57386.5,65691.8,61986.3,62697.3,207600.0,10256483.0,9731427.0,9700609.0,9633740.0,0.2764282273603083,0.3164344894026975,0.29858526011560693,0.3020101156069364,0.005595144066440709,0.006750479657300004,0.006389939023415953,0.006508095506002861
Belgium,All sectors with LULUCF,116234.3424,113538.1361,100820.8774,91085.8171,30528.0,10264343.0,10877947.0,11248303.0,11561717.0,3.8074666666666666,3.7191475399633123,3.302570669549266,2.983681115697065,0.011324089851634926,0.010437459945337112,0.008963207818992784,0.007878225794663544
Belgium,All sectors without LULUCF,120202.3,116511.96,103141.7,90883.32,30528.0,10264343.0,10877947.0,11248303.0,11561717.0,3.937444313417191,3.8165605345911953,3.378593422431866,2.977047955974843,0.011710666722653364,0.010710840933496,0.009169534284416058,0.007860711345901305
Belize,All sectors with LULUCF,6882.5556,3756.3512,6081.2921,5761.9301,22966.0,240406.0,322106.0,359871.0,394921.0,0.2996845597840285,0.16356140381433423,0.264795441086824,0.2508895802490638,0.02862888447043751,0.011661847963092895,0.016898533363344088,0.014590082826691919
Belize,All sectors without LULUCF,398.3,538.97,644.94,557.0,22966.0,240406.0,322106.0,359871.0,394921.0,0.017343028825219892,0.023468170338761647,0.028082382652616915,0.024253243925803362,0.0016567806127966856,0.0016732690480773412,0.0017921421842827016,0.0014104086640112832
Benin,All sectors with LULUCF,16502.9377,15442.5913,16354.6483,18090.7023,112622.0,6998023.0,9445710.0,10932783.0,12643123.0,0.14653387171245405,0.13711878052245566,0.14521717160057537,0.16063204613663407,0.0023582285596946448,0.0016348788285899102,0.0014959272767053001,0.0014308729180282436
Benin,All sectors without LULUCF,1508.471,4732.258,5644.315,7380.369,112622.0,6998023.0,9445710.0,10932783.0,12643123.0,0.013394105947328231,0.042018948340466336,0.050117339418586065,0.06553221395464474,0.00021555673652401544,0.0005009954783706042,0.0005162743100270077,0.0005837457248497859
Bhutan,All sectors with LULUCF,-6150.6322,-5766.2979,71.1333,669.8018,38394.0,587207.0,705516.0,743274.0,772506.0,-0.1601977444392353,-0.15018747460540707,0.0018527191748710739,0.0174454810647497,-0.010474385012440246,-0.008173163897062574,9.570266146804544e-05,0.0008670506119046324
Bhutan,All sectors without LULUCF,459.0,844.0,1388.0,1988.0,38394.0,587207.0,705516.0,743274.0,772506.0,0.011954992967651195,0.02198260144814294,0.03615148200239621,0.05177892379017555,0.0007816664310881853,0.0011962875398998747,0.0018674136321195146,0.002573442795266315
Bosnia and Herzegovina,All sectors with LULUCF,17347.5079,22683.6949,15666.2814,20231.6246,51197.0,4179350.0,3811088.0,3524324.0,3318407.0,0.3388383674824697,0.44306687696544717,0.3059999882805633,0.39517207258237785,0.004150766961369591,0.005952026009370552,0.00444518761612156,0.006096788187826267
Bosnia and Herzegovina,All sectors without LULUCF,14023.44,22270.49,19316.67,21911.96,51197.0,4179350.0,3811088.0,3524324.0,3318407.0,0.27391136199386684,0.4349959958591324,0.37730081840732854,0.4279930464675664,0.0033554117267039136,0.005843604241098605,0.005480957482910197,0.006603156273477002
Botswana,All sectors with LULUCF,44899.1357,45679.4927,46564.6281,47591.9791,581730.0,1726985.0,2091664.0,2305171.0,2546402.0,0.07718208739449572,0.07852352930053462,0.08004508638027952,0.08181111357502621,0.02599856727186397,0.021838829133168616,0.020200075439088902,0.018689892287235086
Botswana,All sectors without LULUCF,3829.7,4573.0,5470.6,6448.4,581730.0,1726985.0,2091664.0,2305171.0,2546402.0,0.006583294655596239,0.007861035188145703,0.009404019046636757,0.011084867550238083,0.002217564136341659,0.002186297608028823,0.0023731861974664787,0.0025323574203915955
Brazil,All sectors with LULUCF,1385677.181,1540143.087,783827.8335,837864.5194,8515770.0,175873720.0,196353492.0,205188205.0,213196304.0,0.16271895330662994,0.18085776001465517,0.09204427004252111,0.09838975446730008,0.007878818853663868,0.007843726492014718,0.003820043328026579,0.003930014281110615
Brazil,All sectors without LULUCF,347025.0,438862.0,521679.0,453396.0,8515770.0,175873720.0,196353492.0,205188205.0,213196304.0,0.040750865746726365,0.051535210556414746,0.061260344044050036,0.05324192644939917,0.001973148688729618,0.002235060836096564,0.002542441462461256,0.0021266597567282403
Bulgaria,All sectors with LULUCF,25155.9263,22212.3417,35064.0453,2934.9677,110879.0,8097691.0,7592273.0,7309253.0,6979175.0,0.2268772833449075,0.2003295637586919,0.3162370268490877,0.026470005140739005,0.0031065554736529216,0.0029256510797227657,0.004797213244636627,0.00042053218324515434
Bulgaria,All sectors without LULUCF,46996.3,45847.51,47255.7,36816.35,110879.0,8097691.0,7592273.0,7309253.0,6979175.0,0.42385212709349834,0.41349137347919807,0.42619161428223556,0.33204078319609664,0.005803666748953498,0.006038706721952701,0.006465188713538852,0.005275172208749602
Burkina Faso,All sectors with LULUCF,13347.06,18571.0067,9685.2033,28731.726,274200.0,11882888.0,16116845.0,18718019.0,21522626.0,0.048676367614879645,0.06772796024799417,0.03532167505470459,0.10478382932166301,0.0011232168476215546,0.001152273084465353,0.0005174267266210168,0.0013349544799970041
Burkina Faso,All sectors without LULUCF,1086.9,2120.14,3816.19,4630.286,274200.0,11882888.0,16116845.0,18718019.0,21522626.0,0.003963894967177244,0.007732093362509117,0.013917541940189643,0.016886528081692196,9.14676634165028e-05,0.00013154807904400644,0.00020387787831607608,0.00021513573668937983
Burundi,All sectors with LULUCF,5504.0109,3449.9025,-1380.8289,3582.7346,27830.0,6307659.0,9126605.0,10727148.0,12220227.0,0.19777257994969458,0.12396343873517787,-0.04961656126482213,0.12873642112827882,0.0008725917016122781,0.00037800501939110986,-0.00012872283481126577,0.00029318069132431006
Burundi,All sectors without LULUCF,295.9,324.1,437.5,552.8,27830.0,6307659.0,9126605.0,10727148.0,12220227.0,0.010632411067193676,0.011645706072583544,0.015720445562342797,0.019863456701401362,4.691122332389877e-05,3.5511562075930754e-05,4.078437250982274e-05,4.523647555810542e-05
Cambodia,All sectors with LULUCF,6186.8523,8720.349,73533.9582,46497.866,181035.0,12118841.0,14363532.0,15417523.0,16396860.0,0.03417489601458281,0.04816940923025934,0.40618641809594824,0.25684462120584417,0.0005105151804533122,0.0006071173162701208,0.004769505334936098,0.0028357786795764556
Cambodia,All sectors without LULUCF,2017.57,5147.61,8610.6,17492.3,181035.0,12118841.0,14363532.0,15417523.0,16396860.0,0.011144640539122268,0.028434335901897423,0.047563178390918885,0.09662385726516971,0.00016648209181059474,0.0003583805153217189,0.0005584943833065792,0.0010668079132224097
Cameroon,All sectors with LULUCF,58436.3006,49808.5433,43460.0545,43177.3318,475440.0,15091594.0,19878036.0,23012646.0,26491087.0,0.12290993732121824,0.10476304749284872,0.09141017688877671,0.09081552204273936,0.0038721092417407996,0.002505707470295355,0.001888529224323009,0.0016298814691899958
Cameroon,All sectors without LULUCF,5953.0,8862.0,10232.0,9920.0,475440.0,15091594.0,19878036.0,23012646.0,26491087.0,0.012521033148241628,0.018639575971731447,0.021521117280834594,0.020864883055695775,0.00039445800092422314,0.00044581869154477837,0.0004446250987391889,0.00037446557025009957
Canada,All sectors with LULUCF,642287.9526,862864.3627,727150.6157,599934.0226,9984670.0,30683313.0,33963412.0,35732126.0,37888705.0,0.06432740917827029,0.08641891646894691,0.07282670490862492,0.06008551335196857,0.020932809719732676,0.02540570313430229,0.020350051818915,0.01583411263594256
Canada,All sectors without LULUCF,558790.0,543755.0,574037.0,546321.0,9984670.0,30683313.0,33963412.0,35732126.0,37888705.0,0.05596479402924683,0.05445898562496307,0.05749183498302898,0.054715979596721774,0.018211527549192617,0.016010022785696562,0.016065011077146654,0.014419099306772295
Cayman Islands,All sectors with LULUCF,4.5493,1.9305,-1.7112,-3.7005,264.0,39658.0,54074.0,60911.0,67311.0,0.017232196969696967,0.0073125,-0.006481818181818182,-0.014017045454545454,0.00011471329870391849,3.5701076302844254e-05,-2.809344781730722e-05,-5.497615545750323e-05
Central African Republic,All sectors with LULUCF,14236.0646,14238.6775,14273.262,14288.7702,622984.0,3759170.0,4660067.0,4819333.0,5343020.0,0.022851412877377266,0.02285560704608786,0.022911121312906915,0.022936014729110218,0.0037870233588797528,0.003055466262609529,0.002961667517060971,0.0026742872383034317
Central African Republic,All sectors without LULUCF,286.9,285.2,314.5,315.1,622984.0,3759170.0,4660067.0,4819333.0,5343020.0,0.00046052547095912574,0.00045779666893531773,0.0005048283744044791,0.0005057914810011172,7.632003873195413e-05,6.120083681200292e-05,6.52579931704242e-05,5.8974138221455286e-05
Chad,All sectors with LULUCF,8148.8277,17830.6557,27128.4467,24924.3687,1284000.0,8259137.0,11894727.0,14140274.0,16644701.0,0.006346439018691589,0.013886803504672897,0.02112807375389408,0.01941150210280374,0.0009866439677656395,0.0014990386664611975,0.0019185234105081699,0.0014974356523436497
Chad,All sectors without LULUCF,522.7,1155.4,1231.0,1591.0,1284000.0,8259137.0,11894727.0,14140274.0,16644701.0,0.00040708722741433025,0.0008998442367601246,0.0009587227414330218,0.0012390965732087228,6.32874839102439e-05,9.713547860325e-05,8.705630456665833e-05,9.558597658197645e-05
Chile,All sectors with LULUCF,43552.8875,36980.1293,1603.5853,19846.5716,756096.0,15351799.0,17004162.0,17870124.0,19300315.0,0.05760232496931606,0.0489093042417894,0.0021208752592263417,0.026248745661926528,0.0028369891698034866,0.0021747692888364626,8.973554408464093e-05,0.0010283029888372287
Chile,All sectors without LULUCF,60300.0164,72460.0491,82350.0506,77080.0594,756096.0,15351799.0,17004162.0,17870124.0,19300315.0,0.07975179924242425,0.0958344563388776,0.10891480790799052,0.1019448051570171,0.003927879488260627,0.00426131255983094,0.004608252891809816,0.003993720278658664
China,All sectors with LULUCF,3492459.564,8981484.344,10014817.24,10867491.08,9596960.0,1264099069.0,1348191368.0,1393715448.0,1424929781.0,0.36391311040162716,0.9358676439205749,1.0435405836848335,1.1323889106550409,0.0027628052655420472,0.006661876464410059,0.007185697234231991,0.007626685346118119
China,All sectors without LULUCF,3839649.997,9311518.108,10722793.6,11515339.48,9596960.0,1264099069.0,1348191368.0,1393715448.0,1424929781.0,0.4000902365957553,0.9702570509828111,1.1173114819692902,1.1998944957569897,0.003037459714322438,0.006906673881033185,0.007693674928686016,0.00808133820595613
Colombia,All sectors with LULUCF,149967.179,158369.9047,144235.7541,172185.1764,1138910.0,39215135.0,44816108.0,47119728.0,50930662.0,0.13167605780966013,0.1390539241028703,0.12664368044885022,0.1511841817176072,0.0038242168234279956,0.003533771935305047,0.003061048104946616,0.003380776326842168
Colombia,All sectors without LULUCF,57483.3,77966.0,87867.2,89308.4,1138910.0,39215135.0,44816108.0,47119728.0,50930662.0,0.05047220588106172,0.06845668226637751,0.07715025770254015,0.07841567814840505,0.001465844756112659,0.0017396869893298186,0.0018647645843796043,0.0017535291412469761
Comoros,All sectors with LULUCF,164.7556,223.3056,231.4456,288.7556,2235.0,536758.0,656024.0,730216.0,806166.0,0.07371615212527964,0.09991302013422819,0.1035550782997763,0.12919713646532438,0.00030694577444583963,0.0003403924246673902,0.0003169549831830582,0.0003581837983740322
Comoros,All sectors without LULUCF,104.9,163.45,171.59,228.9,2235.0,536758.0,656024.0,730216.0,806166.0,0.0469351230425056,0.07313199105145414,0.07677404921700223,0.10241610738255034,0.00019543257855495402,0.00024915247003158417,0.0002349852646340261,0.00028393655897172545
Costa Rica,All sectors with LULUCF,7874.0288,7068.4177,150.5022,803.7714,51100.0,3979193.0,4622252.0,4895242.0,5123105.0,0.1540905831702544,0.13832519960861056,0.002945248532289628,0.015729381604696672,0.0019788004251113226,0.001529215131498672,3.074458831657352e-05,0.00015689145547475601
Costa Rica,All sectors without LULUCF,5471.0,7591.0,7492.0,8177.0,51100.0,3979193.0,4622252.0,4895242.0,5123105.0,0.10706457925636008,0.1485518590998043,0.14661448140900196,0.16001956947162427,0.0013749018959371912,0.0016422730738176975,0.0015304657052705463,0.001596102363703262
Croatia,All sectors with LULUCF,19616.0603,20876.9739,17409.0245,13243.4229,56594.0,4548434.0,4368682.0,4254815.0,4096868.0,0.34661024666925827,0.36889023394706155,0.3076125472664947,0.23400754320245962,0.004312706373226478,0.00477878085427138,0.004091605510462852,0.0032325725163710422
Croatia,All sectors without LULUCF,20474.0,21710.0298,18910.0298,17590.0,56594.0,4548434.0,4368682.0,4254815.0,4096868.0,0.3617697989186133,0.3836100964766583,0.3341348870905043,0.31081033325087465,0.004501329468559949,0.004969469006899564,0.004444383551341245,0.0042935237356927294
Cuba,All sectors with LULUCF,16025.134,24336.7127,16924.6653,20796.282,110860.0,11105791.0,11290417.0,11339894.0,11300698.0,0.14455289554392928,0.2195265442900956,0.1526670151542486,0.18759049251307955,0.0014429529603069246,0.002155519384270749,0.001492488845133826,0.0018402652650305316
Cuba,All sectors without LULUCF,26850.333,34590.469,29634.476,23845.482,110860.0,11105791.0,11290417.0,11339894.0,11300698.0,0.24220036983582896,0.31201938480966984,0.2673144145769439,0.21509545372541944,0.002417687582991612,0.003063701632986629,0.0026132939161512443,0.0021100893059880018
Cyprus,All sectors with LULUCF,7001.4654,7367.4437,6336.8072,5926.2889,9251.0,948237.0,1129686.0,1187280.0,1237537.0,0.7568333585558318,0.7963943033185601,0.6849861852772673,0.6406106258782834,0.0073836661087892585,0.0065216738987647896,0.005337247490061317,0.0047887771436328766
Cyprus,All sectors without LULUCF,7071.0,7631.0,6654.0,6175.0,9251.0,948237.0,1129686.0,1187280.0,1237537.0,0.7643498000216192,0.8248837963463409,0.7192735920441033,0.6674954059020647,0.00745699651036608,0.0067549743911139905,0.0056044067111380635,0.004989749801420079
Denmark,All sectors with LULUCF,55293.3111,48834.3864,31836.7654,26511.632,43094.0,5340655.0,5550849.0,5677796.0,5825641.0,1.283086069986541,1.133206163270989,0.7387748967373649,0.615204715273588,0.010353282715322371,0.008797642738975606,0.005607240098094402,0.004550852343973822
Denmark,All sectors without LULUCF,53743.38,47633.81,32573.88,24453.72,43094.0,5340655.0,5550849.0,5677796.0,5825641.0,1.2471197846567967,1.1053466839931312,0.7558797048312991,0.5674506891910707,0.010063069043029366,0.008581355752966797,0.005737064170674678,0.0041976016029824014
Djibouti,All sectors with LULUCF,369.28,519.73,435.1,371.8059,23200.0,742033.0,919199.0,1006259.0,1090156.0,0.015917241379310342,0.022402155172413795,0.018754310344827586,0.016026116379310344,0.0004976598075826816,0.0005654161938818471,0.00043239364815619044,0.0003410575183735172
Djibouti,All sectors without LULUCF,369.28,519.73,435.1,371.8,23200.0,742033.0,919199.0,1006259.0,1090156.0,0.015917241379310342,0.022402155172413795,0.018754310344827586,0.01602586206896552,0.0004976598075826816,0.0005654161938818471,0.00043239364815619044,0.00034105210630405193
Dominica,All sectors with LULUCF,188.1922,172.5816,174.1702,137.0738,751.0,68346.0,68755.0,70007.0,71995.0,0.25058881491344875,0.22980239680426098,0.23191770972037282,0.18252170439414114,0.002753521786205484,0.002510095265798851,0.0024878969245932547,0.0019039349954857977
Dominica,All sectors without LULUCF,133.1,183.1,180.61,151.0,751.0,68346.0,68755.0,70007.0,71995.0,0.17723035952063915,0.24380825565912118,0.24049267643142477,0.2010652463382157,0.0019474438884499459,0.002663079048796451,0.002579884868655992,0.0020973678727689423
Dominican Republic,All sectors with LULUCF,12351.849,18732.8525,22395.008,21573.137,48670.0,8540791.0,9775755.0,10405832.0,10999664.0,0.2537877337168687,0.38489526402301216,0.4601398808300802,0.44325327717279633,0.0014462183889056646,0.0019162563403031276,0.0021521592891370917,0.001961254180127684
Dominican Republic,All sectors without LULUCF,19620.264,20670.365,23570.413,23130.462,48670.0,8540791.0,9775755.0,10405832.0,10999664.0,0.4031284980480789,0.4247044380521882,0.4842903842202589,0.4752509143209369,0.002297242023601795,0.002114452029536338,0.0022651156582193526,0.002102833504732508
Ecuador,All sectors with LULUCF,58237.2593,65792.9011,59213.7256,61197.9177,283561.0,12626507.0,14989585.0,16195902.0,17588595.0,0.20537824066073965,0.2320238012279545,0.20882182528626997,0.21581923360405697,0.004612301668228592,0.004389241003003085,0.003656093103057798,0.0034794091114156646
Ecuador,All sectors without LULUCF,21683.07,37253.77,42194.12,35074.48,283561.0,12626507.0,14989585.0,16195902.0,17588595.0,0.07646703883820412,0.1313783277672176,0.14880085766378312,0.12369289147661351,0.0017172659073487228,0.002485310300451947,0.002605234336438934,0.0019941604204315355
Egypt,All sectors with LULUCF,147190.9331,211629.4919,233815.5412,243283.2477,1001450.0,71371371.0,87252413.0,97723799.0,107465134.0,0.1469778152678616,0.2113230734435069,0.23347699955065157,0.24293099775325777,0.0020623245853018573,0.0024254858361338386,0.0023926161650756127,0.0022638342190128384
Egypt,All sectors without LULUCF,147600.147,211800.352,232900.39,243100.43,1001450.0,71371371.0,87252413.0,97723799.0,107465134.0,0.1473864366668331,0.21149368615507516,0.23256317339857208,0.2427484447551051,0.0020680581713919998,0.0024274440639252006,0.0023832514943468376,0.002262133037492886
El Salvador,All sectors with LULUCF,6818.08,7502.08,7899.08,7805.08,21041.0,5958482.0,6114034.0,6231066.0,6292731.0,0.3240378309015731,0.3565457915498313,0.3754137160781332,0.37094624780191054,0.0011442645962511928,0.001227026215425037,0.0012676932004892902,0.0012403326949777449
El Salvador,All sectors without LULUCF,5737.0,6421.0,6818.0,6724.0,21041.0,5958482.0,6114034.0,6231066.0,6292731.0,0.2726581436243525,0.3051661042726106,0.3240340288009125,0.3195665605246899,0.000962829123256561,0.0010502067865504183,0.0010941947974872999,0.0010685344725525371
Equatorial Guinea,All sectors with LULUCF,6593.5145,12483.9045,10804.3629,11142.9378,28051.0,684977.0,1094524.0,1346973.0,1596049.0,0.2350545256853588,0.44504311789241024,0.3851685465758797,0.39723852269081317,0.00962589181826543,0.011405784158227687,0.008021217129073856,0.006981576254864355
Equatorial Guinea,All sectors without LULUCF,2762.61,8653.0,6973.0,7310.0,28051.0,684977.0,1094524.0,1346973.0,1596049.0,0.09848525899254928,0.30847385119960075,0.2485829382196713,0.2605967701686214,0.004033142718660627,0.00790571974666613,0.005176792704827788,0.004580059885379459
Eritrea,All sectors with LULUCF,1045.6496,962.2148,1042.356,1125.8724,117600.0,2392880.0,3147727.0,3340006.0,3555868.0,0.008891578231292517,0.008182098639455782,0.008863571428571429,0.009573744897959183,0.0004369837183644813,0.0003056855947164414,0.0003120820741040585,0.0003166237891845254
Eritrea,All sectors without LULUCF,608.8,501.5,658.1,676.0,117600.0,2392880.0,3147727.0,3340006.0,3555868.0,0.005176870748299319,0.004264455782312925,0.00559608843537415,0.005748299319727891,0.00025442145030256423,0.0001593213134430019,0.0001970355741875913,0.0001901082942336442
Estonia,All sectors with LULUCF,18064.6878,22347.9082,16939.2125,20623.2594,45228.0,1396877.0,1331535.0,1314657.0,1329444.0,0.39941381002918547,0.4941166578225878,0.3745293291766163,0.45598433271424776,0.01293219646396927,0.016783567987322903,0.012884891268216729,0.01551269508155289
Estonia,All sectors without LULUCF,17072.01,20989.22,20408.343,15987.326,45228.0,1396877.0,1331535.0,1314657.0,1329444.0,0.37746550809233215,0.4640757937560803,0.45123248872379945,0.35348293092774385,0.01222155565593821,0.015763175583067664,0.01552370161950988,0.012025573096723141
Eswatini,All sectors with LULUCF,1084.1952,894.7812,851.0815,771.1469,17364.0,1030496.0,1099920.0,1133936.0,1180655.0,0.06243925362819627,0.05153082239115411,0.04901413844736236,0.04441067150426169,0.0010521100518585227,0.0008134966179358499,0.0007505551459694375,0.0006531517674511182
Eswatini,All sectors without LULUCF,1214.16,1024.38,984.78,899.08,17364.0,1030496.0,1099920.0,1133936.0,1180655.0,0.06992398064961991,0.05899447131997236,0.05671389080856945,0.05177839207555863,0.0011782287364531256,0.0009313222779838534,0.0008684617121248466,0.0007615095010820265
Ethiopia,All sectors with LULUCF,28713.1046,36369.8906,43156.7286,45997.1036,1104300.0,67031867.0,89237791.0,102471895.0,117190911.0,0.026001181381870866,0.032934791813818705,0.03908061994023363,0.04165272444082224,0.00042835006520107813,0.00040756152962145826,0.0004211567337561192,0.00039249719289237374
Ethiopia,All sectors without LULUCF,3529.618,6425.926,12801.15,15521.37,1104300.0,67031867.0,89237791.0,102471895.0,117190911.0,0.003196249207642851,0.00581900389386942,0.011592094539527302,0.014055392556370552,5.265582114846958e-05,7.200902137974259e-05,0.00012492352171295358,0.00013244516889198004
Fiji,All sectors with LULUCF,-1727.8504,-1425.9234,-516.0108,30.5532,18274.0,832509.0,905169.0,917200.0,920422.0,-0.09455239137572508,-0.0780301740177301,-0.028237430228740288,0.0016719492174674402,-0.0020754735384242093,-0.001575311792604475,-0.0005625935455734845,3.3194773701628163e-05
Fiji,All sectors without LULUCF,839.9,1148.63,2060.5,2601.3,18274.0,832509.0,905169.0,917200.0,920422.0,0.045961475320126954,0.06285597023092919,0.11275582795228194,0.14234978658202913,0.0010088779820998932,0.0012689674524867733,0.0022465111208024423,0.002826203632681531
Finland,All sectors with LULUCF,28851.6491,55797.4691,-2864.4306,50915.57,338145.0,5176209.0,5363271.0,5479461.0,5529468.0,0.08532330538674238,0.16501048100666874,-0.008471012731224772,0.15057318605923495,0.005573895702433962,0.01040362664873731,-0.000522757731098004,0.00920804135226029
Finland,All sectors without LULUCF,53810.0,64400.0,45410.0,36960.0,338145.0,5176209.0,5363271.0,5479461.0,5529468.0,0.15913291635245236,0.1904508420943678,0.13429150216623045,0.1093022224193763,0.01039563897052843,0.012007597602284129,0.008287311470964023,0.006684187339541525
France,All sectors with LULUCF,367617.3658,318655.6151,281662.5046,220304.6317,643801.0,58665453.0,62444567.0,63809769.0,64480053.0,0.5710108648479888,0.4949598013982581,0.4374993275872513,0.3421936773941016,0.006266334733663439,0.0051030158492411356,0.004414096916727593,0.003416632298673824
France,All sectors without LULUCF,392000.0,384590.0,342210.0,281750.0,643801.0,58665453.0,62444567.0,63809769.0,64480053.0,0.6088838010503246,0.5973740332804702,0.5315462386669173,0.43763523200492077,0.006681956414791513,0.006158902503079251,0.005362971929893681,0.0043695683686860495
Gabon,All sectors with LULUCF,9895.2755,8895.5444,12926.9769,11620.2058,267667.0,1272935.0,1711105.0,2028517.0,2292573.0,0.03696860464681862,0.03323362386846343,0.04829499676837264,0.04341291903746072,0.0077735905603978205,0.005198713346054158,0.006372624385203574,0.005068630660833919
Gabon,All sectors without LULUCF,6418.156,5899.225,6670.273,5353.315,267667.0,1272935.0,1711105.0,2028517.0,2292573.0,0.023978137013528,0.02203941838179529,0.02492004244079397,0.019999906600365377,0.005042013928440965,0.003447611338871665,0.0032882509734944295,0.0023350685016354984
Gambia,All sectors with LULUCF,810.3371,966.5271,1058.8351,1205.6191,11300.0,1437539.0,1937275.0,2253133.0,2573995.0,0.07171124778761062,0.08553337168141593,0.09370222123893805,0.10669195575221238,0.0005636974718598939,0.0004989106347833942,0.00046993901380877205,0.00046838439857109276
Gambia,All sectors without LULUCF,282.71,438.9,531.3,677.9,11300.0,1437539.0,1937275.0,2253133.0,2573995.0,0.02501858407079646,0.03884070796460177,0.04701769911504424,0.059991150442477874,0.0001966624905480825,0.0002265553419106735,0.00023580498798783737,0.00026336492495129165
Georgia,All sectors with LULUCF,-12569.5508,3607.841,10540.0,9650.0,69700.0,4265172.0,3836831.0,3771132.0,3765912.0,-0.1803378880918221,0.051762424677187946,0.15121951219512195,0.13845050215208035,-0.0029470208469904616,0.0009403179342535545,0.0027949167517869965,0.002562460301780817
Georgia,All sectors without LULUCF,5698.0,7124.2,10540.0,9650.0,69700.0,4265172.0,3836831.0,3771132.0,3765912.0,0.0817503586800574,0.10221233859397418,0.15121951219512195,0.13845050215208035,0.0013359367453411022,0.001856792754228685,0.0027949167517869965,0.002562460301780817
Germany,All sectors with LULUCF,837526.9386,793988.1195,749068.4079,592188.1812,357022.0,81551677.0,81325090.0,82073226.0,83328988.0,2.3458692702410495,2.22391930889413,2.098101539681028,1.658688207449401,0.01026989228682569,0.009763138528343467,0.009126830324666414,0.007106628742449146
Germany,All sectors without LULUCF,870492.0,794375.0,760367.0,603759.0,357022.0,81551677.0,81325090.0,82073226.0,83328988.0,2.438202687789548,2.2250029409952328,2.12974830682703,1.6910974673829624,0.010674115260683112,0.009767895737957376,0.009264495098559913,0.007245485808612004
Ghana,All sectors with LULUCF,16331.4426,55738.9256,45970.4961,-5088.1732,238533.0,19665502.0,25574719.0,28870939.0,32180401.0,0.06846617700695501,0.23367385477061875,0.19272174541887285,-0.02133110806471222,0.0008304615158056987,0.002179454077286245,0.0015922757517516143,-0.00015811403966035104
Ghana,All sectors without LULUCF,6470.0,9915.0,16590.0,19860.0,238533.0,19665502.0,25574719.0,28870939.0,32180401.0,0.027124129575362737,0.041566575693929145,0.06955012513991775,0.08325892014941329,0.0003290025344890764,0.00038768754409383737,0.0005746262703821306,0.0006171458211474742
Greece,All sectors with LULUCF,91111.2861,83926.5309,68903.1388,53447.3619,131957.0,11038109.0,11033783.0,10806641.0,10512232.0,0.6904619391165304,0.636014238729283,0.5221635744977531,0.40503620042892763,0.008254247724859394,0.00760632422261703,0.006375999609869524,0.00508430197316802
Greece,All sectors without LULUCF,92160.139,85134.53,67623.63,52182.03,131957.0,11038109.0,11033783.0,10806641.0,10512232.0,0.6984103836855945,0.6451687292072418,0.5124671673348137,0.3954472290215752,0.008349268792326656,0.00771580608391519,0.006257599378012095,0.004963934395664023
Grenada,All sectors with LULUCF,191.921,261.15,261.1,267.13,349.0,107432.0,114039.0,118980.0,123663.0,0.5499169054441261,0.7482808022922636,0.748137535816619,0.7654154727793696,0.0017864416561173579,0.0022900060505616497,0.0021944864683140024,0.002160144909956899
Grenada,All sectors without LULUCF,191.921,261.15,261.1,267.13,349.0,107432.0,114039.0,118980.0,123663.0,0.5499169054441261,0.7482808022922636,0.748137535816619,0.7654154727793696,0.0017864416561173579,0.0022900060505616497,0.0021944864683140024,0.002160144909956899
Guatemala,All sectors with LULUCF,25976.2987,24916.9296,23332.6016,17349.9627,108889.0,11735894.0,14543121.0,16001107.0,17362718.0,0.23855760177795737,0.2288287118074369,0.21427877563390244,0.15933622955486781,0.0022134060430334494,0.0017133137790712185,0.001458186711706884,0.0009992653627156761
Guatemala,All sectors without LULUCF,9852.0,11200.0,15620.0,14080.0,108889.0,11735894.0,14543121.0,16001107.0,17362718.0,0.09047745869647071,0.10285703790098173,0.1434488332154763,0.12930599050409133,0.000839475884836724,0.0007701235518840832,0.0009761824603760227,0.0008109329426418145
Guinea,All sectors with LULUCF,12017.5214,13365.5078,13372.2702,15528.7948,245857.0,8336967.0,10270728.0,11625998.0,13205153.0,0.04888012706573333,0.05436293373790455,0.05439043915772177,0.06316189817658233,0.001441474027664977,0.0013013203932574205,0.0011502040685023342,0.0011759647767807006
Guinea,All sectors without LULUCF,1532.9,2543.0,2504.5,3577.4,245857.0,8336967.0,10270728.0,11625998.0,13205153.0,0.0062349251800843586,0.01034341100721151,0.010186815913315463,0.0145507347767198,0.00018386782627303192,0.0002475968597357461,0.00021542236632072362,0.0002709093942342054
Guinea-Bissau,All sectors with LULUCF,1640.4985,1733.3685,1774.5225,1875.42,36125.0,1230849.0,1567220.0,1788919.0,2015828.0,0.045411723183391,0.04798251903114187,0.04912173010380623,0.05191474048442907,0.0013328186479413802,0.0011060147905207949,0.000991952402540305,0.0009303472320059053
Guinea-Bissau,All sectors without LULUCF,153.36,246.23,287.56,389.98,36125.0,1230849.0,1567220.0,1788919.0,2015828.0,0.004245259515570934,0.006816055363321799,0.007960138408304498,0.01079529411764706,0.00012459692456182685,0.00015711259427521343,0.00016074512037716633,0.00019345896574509333
Guyana,All sectors with LULUCF,8577.426,9765.0069,17522.6557,15209.111,214969.0,759051.0,747932.0,755031.0,797202.0,0.039900757783680435,0.04542518642222832,0.08151247714786783,0.07075025236196847,0.011300197219949647,0.013056008968729778,0.02320786259107242,0.019078114455307438
Guyana,All sectors without LULUCF,1753.853,1894.859,2014.222,2357.127,214969.0,759051.0,747932.0,755031.0,797202.0,0.008158632174871725,0.008814568612218505,0.009369825416687988,0.010964962389925989,0.0023105865086799175,0.0025334642721530835,0.002667734172504175,0.0029567499830657723
Haiti,All sectors with LULUCF,1432.172,2192.389,3874.3913,3738.634,27750.0,8360225.0,9842880.0,10563757.0,11306801.0,0.0516098018018018,0.07900500900900902,0.1396177045045045,0.13472554954954954,0.00017130782963377183,0.00022273856838648853,0.00036676262999991386,0.00033065355974691693
Haiti,All sectors without LULUCF,1362.5,2123.0,3223.0,3104.0,27750.0,8360225.0,9842880.0,10563757.0,11306801.0,0.0490990990990991,0.07650450450450451,0.11614414414414415,0.11185585585585586,0.00016297408263533578,0.00021568890406060016,0.00030509978599469866,0.0002745250402832773
Honduras,All sectors with LULUCF,10559.0368,13409.9944,16162.0668,15147.6634,112090.0,6656725.0,8450933.0,9294505.0,10121763.0,0.09420141671870819,0.11963595682041217,0.14418830225711482,0.13513840128468194,0.0015862209720245316,0.0015868063798399536,0.0017388840825842797,0.0014965439716381425
Honduras,All sectors without LULUCF,5024.9,8053.1,10264.2,9623.3,112090.0,6656725.0,8450933.0,9294505.0,10121763.0,0.044829155143188505,0.07184494602551521,0.09157105897047016,0.08585333214381301,0.0007548606859979944,0.0009529243694157794,0.0011043299239712067,0.0009507533420808212
Hungary,All sectors with LULUCF,60037.8515,55506.5312,48753.1787,51391.6467,93028.0,10202055.0,9986825.0,9844246.0,9750573.0,0.6453739895515328,0.5966647804961946,0.5240699434578836,0.5524320279915724,0.005884878242667776,0.00555797575305465,0.00495245432712673,0.005270628372301812
Hungary,All sectors without LULUCF,58509.7,53310.0,47481.5,49594.0,93028.0,10202055.0,9986825.0,9844246.0,9750573.0,0.6289471986928666,0.5730532742830116,0.5104000945951757,0.5331083114761147,0.0057350896461546225,0.005338032858290798,0.004823274428534191,0.0050862651866715935
Iceland,All sectors with LULUCF,3658.0767,4499.444,4364.2966,3618.043,103000.0,281462.0,318333.0,331060.0,366669.0,0.035515307766990294,0.04368392233009709,0.04237181165048543,0.03512663106796116,0.012996698310962049,0.014134393858004041,0.01318279647193862,0.009867327207917768
Iceland,All sectors without LULUCF,2947.37,3831.68,3751.66,3001.7,103000.0,281462.0,318333.0,331060.0,366669.0,0.0286152427184466,0.037200776699029124,0.03642388349514563,0.02914271844660194,0.010471644484868295,0.012036703703354662,0.011332266054491632,0.008186402450166226
India,All sectors with LULUCF,856192.41,1770853.978,2328036.609,2465565.037,3287263.0,1059633675.0,1240613620.0,1322866505.0,1396387127.0,0.2604575326038714,0.5387016426735555,0.7081990729065487,0.7500358313283726,0.0008080079278341168,0.0014274016901410448,0.0017598424332317644,0.0017656744246110484
India,All sectors without LULUCF,1078600.0,1767200.0,2394200.0,2501200.0,3287263.0,1059633675.0,1240613620.0,1322866505.0,1396387127.0,0.32811490896834233,0.5375900863423462,0.7283262702132443,0.760876145291691,0.0010178989451236533,0.001424456391184872,0.001809857601617935,0.0017911938255787143
Indonesia,All sectors with LULUCF,738925.3458,735213.8296,1531308.554,1082894.641,1904569.0,214072421.0,244016173.0,259091970.0,271857970.0,0.3879750987231232,0.38602635535913904,0.8040184178152643,0.568577269187937,0.0034517540482246426,0.003012971724624171,0.005910289516112753,0.003983310259397582
Indonesia,All sectors without LULUCF,285294.3,447129.0,519146.0,592363.0,1904569.0,214072421.0,244016173.0,259091970.0,271857970.0,0.14979467795600998,0.2347665009773865,0.2725792554640971,0.3110220737605201,0.0013326999277501513,0.0018323744467543962,0.0020037131988305157,0.002178942923762728
Iraq,All sectors with LULUCF,79402.6247,112438.2963,169974.7,213296.1,438317.0,24628858.0,31264875.0,37757813.0,42556984.0,0.18115342252296854,0.256522782141692,0.3877894309369703,0.4866252050456633,0.003223966969966695,0.003596313636309117,0.004501709354829423,0.005012011659472861
Iraq,All sectors without LULUCF,79540.0,112490.0,169890.0,212800.0,438317.0,24628858.0,31264875.0,37757813.0,42556984.0,0.1814668379278011,0.2566407417462704,0.3875961917972609,0.48549337579879404,0.003229544788475373,0.0035979673675330544,0.004499466110497449,0.005000354348419052
Ireland,All sectors with LULUCF,50520.0126,48504.9415,44433.1213,38365.183,84421.0,3768950.0,4524585.0,4665760.0,4946119.0,0.5984294500183603,0.5745601390649246,0.5263278248303147,0.4544507053932078,0.01340426713010255,0.010720307276799972,0.009523233363910703,0.007756623526445684
Ireland,All sectors without LULUCF,42893.5,40720.5,36794.6,31399.66,84421.0,3768950.0,4524585.0,4665760.0,4946119.0,0.5080904040463866,0.4823503630613236,0.43584653107639093,0.3719413416093152,0.011380755913450696,0.008999830923720076,0.0078860892973492,0.006348343013987331
Israel,All sectors with LULUCF,61995.756,71352.784,69034.988,64361.7667,20770.0,6116958.0,7328445.0,8007778.0,8757489.0,2.9848702936928264,3.435377178623014,3.323783726528647,3.098785108329321,0.010135063212793026,0.009736415296833093,0.008620991740780026,0.007349340284640952
Israel,All sectors without LULUCF,62020.0,71360.0,69080.0,64280.0,20770.0,6116958.0,7328445.0,8007778.0,8757489.0,2.9860375541646604,3.4357246027924893,3.3259508907077517,3.0948483389504093,0.010139026620748419,0.009737399953196073,0.008626612775728798,0.007340003510138579
Italy,All sectors with LULUCF,428131.8222,380457.398,308491.9369,274213.2477,301340.0,56966397.0,59822450.0,60232906.0,59500579.0,1.4207600126103406,1.262551928054689,1.0237337787880798,0.9099795835269131,0.007515515193983569,0.006359776271282771,0.005121651226656737,0.004608581165235384
Italy,All sectors without LULUCF,462744.0,415262.0,343248.0,287134.0,301340.0,56966397.0,59822450.0,60232906.0,59500579.0,1.5356208933430677,1.3780513705448993,1.1390721444215837,0.9528572376717329,0.008123104573385605,0.00694157460953204,0.005698679057590215,0.004825734552936031
Jamaica,All sectors with LULUCF,10717.1665,5310.5145,8243.0532,7599.5237,10991.0,2612205.0,2733896.0,2794445.0,2820436.0,0.9750856609953598,0.4831693658447821,0.7499820944409062,0.6914315075971249,0.004102727963540381,0.001942471293714172,0.002949799763459292,0.00269444997156468
Jamaica,All sectors without LULUCF,10301.0,7753.0,8022.8,7455.2,10991.0,2612205.0,2733896.0,2794445.0,2820436.0,0.937221362933309,0.7053953234464562,0.7299426803748522,0.6783004276226003,0.003943411791953541,0.002835879638435405,0.0028709815365841876,0.002643279266042555
Japan,All sectors with LULUCF,1208090.625,1142273.719,1169964.486,1004220.297,377944.0,126803861.0,128105431.0,127250933.0,125244761.0,3.196480497110683,3.0223358989691596,3.0956027506720574,2.6570610910611094,0.00952723848842426,0.008916668950592736,0.009194152517530068,0.008018062304418466
Japan,All sectors without LULUCF,1283620.0,1240120.0,1219430.0,1036020.0,377944.0,126803861.0,128105431.0,127250933.0,125244761.0,3.3963232648223016,3.2812268484219884,3.2264832885295176,2.7411997544609785,0.010122877883032283,0.00968046389852121,0.009582876692935524,0.008271962768965642
Jordan,All sectors with LULUCF,15350.0,20680.0,25350.0,18810.0,89342.0,5056174.0,6931258.0,9494246.0,10928721.0,0.1718116899106803,0.2314700812607732,0.2837411295919053,0.21053927604038414,0.0030358923565526027,0.00298358537512238,0.002670038252642706,0.0017211529144169752
Jordan,All sectors without LULUCF,15350.0,20680.0,25350.0,18810.0,89342.0,5056174.0,6931258.0,9494246.0,10928721.0,0.1718116899106803,0.2314700812607732,0.2837411295919053,0.21053927604038414,0.0030358923565526027,0.00298358537512238,0.002670038252642706,0.0017211529144169752
Kazakhstan,All sectors with LULUCF,127687.3455,258184.8463,230295.667,267041.4375,2724900.0,15236253.0,16627837.0,17835909.0,18979243.0,0.04685946108114059,0.09475020965907006,0.08451527285404968,0.09800045414510625,0.008380495224121048,0.015527265891528766,0.01291191085354831,0.014070183805539557
Kazakhstan,All sectors without LULUCF,128510.0,259698.48,240156.46,270025.3,2724900.0,15236253.0,16627837.0,17835909.0,18979243.0,0.04716136371976953,0.09530569195199824,0.08813404528606554,0.09909548974274285,0.008434488453296227,0.015618295993640063,0.013464772667319618,0.014227400955875848
Kenya,All sectors with LULUCF,6257.4558,27217.3444,24972.9575,8398.9284,580367.0,30851606.0,41517895.0,46851488.0,51985780.0,0.01078189455982163,0.04689678151928005,0.04302959592809378,0.014471753907441327,0.00020282431326265477,0.0006555569447824848,0.0005330237857119927,0.0001615620348487606
Kenya,All sectors without LULUCF,10552.689,12050.871,16631.08,15971.26,580367.0,30851606.0,41517895.0,46851488.0,51985780.0,0.018182786064679764,0.020764225050700677,0.02865614344027142,0.027519242134718205,0.00034204666687367915,0.00029025727339981953,0.00035497442471837823,0.00030722362923091663
Kiribati,All sectors with LULUCF,33.53,59.311,62.943,76.394,811.0,88826.0,107995.0,116707.0,126463.0,0.04134401972872996,0.0731331689272503,0.07761159062885327,0.09419728729963009,0.0003774795667935064,0.0005492013519144404,0.0005393249762225059,0.0006040818263049272
Kiribati,All sectors without LULUCF,33.53,59.311,62.943,76.394,811.0,88826.0,107995.0,116707.0,126463.0,0.04134401972872996,0.0731331689272503,0.07761159062885327,0.09419728729963009,0.0003774795667935064,0.0005492013519144404,0.0005393249762225059,0.0006040818263049272
Kuwait,All sectors with LULUCF,55750.9513,93267.0014,101019.7799,106257.0232,17818.0,1934901.0,2943356.0,3908743.0,4360444.0,3.1289118475698734,5.234425940060612,5.669535295768324,5.963465214951173,0.02881333530759455,0.031687298920008315,0.02584456944342465,0.02436839532854911
Kuwait,All sectors without LULUCF,55770.0,93290.0,101030.0,106260.0,17818.0,1934901.0,2943356.0,3908743.0,4360444.0,3.1299809181726346,5.235716690986643,5.6701088786620275,5.96363228196206,0.028823180100687323,0.03169511265371909,0.02584718412031694,0.024369078011321783
Kyrgyzstan,All sectors with LULUCF,3750.1337,6502.7365,9718.4619,7416.1619,199951.0,4935182.0,5483774.0,5914980.0,6424874.0,0.018755263539567194,0.03252165030432456,0.048604217533295656,0.03708989652464854,0.0007598774878008551,0.001185814094453929,0.0016430253187669273,0.0011542890802216511
Kyrgyzstan,All sectors without LULUCF,4773.0,6512.0,10458.0,10683.0,199951.0,4935182.0,5483774.0,5914980.0,6424874.0,0.02387084835784767,0.03256797915489295,0.052302814189476424,0.05342808988202109,0.0009671375847942386,0.0011875033507945441,0.0017680533154803566,0.0016627563435485271
Latvia,All sectors with LULUCF,-2894.8718,-2173.5058,15265.6662,6643.3391,64589.0,2392530.0,2101530.0,1991955.0,1897052.0,-0.044819888835560234,-0.033651330721949556,0.23635086779482573,0.10285558067163139,-0.001209962591900624,-0.0010342492374603265,0.0076636601730460776,0.0035019277805774436
Latvia,All sectors without LULUCF,7132.19,8746.341,15050.18,6548.0388,64589.0,2392530.0,2101530.0,1991955.0,1897052.0,0.11042422084255832,0.13541533388038213,0.2330146000092895,0.10138009258542477,0.002981024271377997,0.004161892050077801,0.007555481926047526,0.0034516917828293584
Lebanon,All sectors with LULUCF,15503.2152,19997.289,25734.0669,17861.4869,10400.0,4320642.0,4995800.0,6398940.0,5662923.0,1.4906937692307693,1.9228162500000001,2.4744295096153848,1.7174506634615385,0.003588173979700239,0.0040028201689419115,0.004021614032949207,0.003154110854058937
Lebanon,All sectors without LULUCF,15490.284,19990.117,25810.0053,17940.0,10400.0,4320642.0,4995800.0,6398940.0,5662923.0,1.4894503846153846,1.9221266346153845,2.481731278846154,1.725,0.0035851810911433995,0.004001384563032948,0.004033481373477483,0.0031679752664834043
Lesotho,All sectors with LULUCF,1855.61,2285.95,2336.29,2296.66,30355.0,1998630.0,2022747.0,2118521.0,2254100.0,0.061130291549991764,0.07530719815516389,0.07696557404052051,0.07566002306045132,0.0009284409820727198,0.0011301215624099305,0.0011027929390362427,0.0010188811499046181
Lesotho,All sectors without LULUCF,1855.61,2285.95,2336.29,2296.66,30355.0,1998630.0,2022747.0,2118521.0,2254100.0,0.061130291549991764,0.07530719815516389,0.07696557404052051,0.07566002306045132,0.0009284409820727198,0.0011301215624099305,0.0011027929390362427,0.0010188811499046181
Liberia,All sectors with LULUCF,13831.5115,14189.8273,14636.0579,14849.7467,111369.0,2895224.0,4019956.0,4612329.0,5087584.0,0.12419534610169797,0.12741272077508103,0.13141949644874246,0.1333382422397615,0.004777354532844436,0.0035298464212046104,0.003173246726328499,0.002918820937403687
Liberia,All sectors without LULUCF,437.7,780.2,1226.0,1443.0,111369.0,2895224.0,4019956.0,4612329.0,5087584.0,0.003930178056730329,0.007005540141331969,0.011008449388968205,0.012956926972496835,0.0001511800123237442,0.0001940817262676507,0.0002658093123886002,0.0002836316805776573
Libya,All sectors with LULUCF,49660.0,64240.0,49290.0,42970.0,1759540.0,5154790.0,6491988.0,6192235.0,6653942.0,0.02822328563147186,0.036509542266728805,0.02801300339861555,0.024421155529286063,0.009633758116237519,0.009895273990032021,0.00795996921951444,0.006457826052586572
Libya,All sectors without LULUCF,49660.0,64240.0,49290.0,42970.0,1759540.0,5154790.0,6491988.0,6192235.0,6653942.0,0.02822328563147186,0.036509542266728805,0.02801300339861555,0.024421155529286063,0.009633758116237519,0.009895273990032021,0.00795996921951444,0.006457826052586572
Lithuania,All sectors with LULUCF,18217.2145,19542.0308,14342.6439,19703.4922,65300.0,3599637.0,3139019.0,2963765.0,2820267.0,0.27897725114854516,0.2992654027565084,0.21964232618683,0.30173801225114855,0.005060847663250489,0.0062255216677567105,0.004839332369469239,0.006986392494044004
Lithuania,All sectors without LULUCF,12531.2,14471.29,15415.97,15361.85,65300.0,3599637.0,3139019.0,2963765.0,2820267.0,0.1919019908116386,0.221612404287902,0.2360791730474732,0.23525038284839203,0.003481239913913542,0.004610131381810687,0.0052014818988685,0.005446948817257373
Luxembourg,All sectors with LULUCF,8027.8523,10407.7023,8931.1355,7853.8019,2586.0,435628.0,507070.0,569408.0,630399.0,3.104351237432328,4.024633526682135,3.453648685228152,3.0370463650425368,0.018428228442616178,0.020525178574950207,0.015684949105035404,0.012458461863042296
Luxembourg,All sectors without LULUCF,8578.0,10922.0,9169.0,8129.0,2586.0,435628.0,507070.0,569408.0,630399.0,3.3170920340293892,4.223511214230472,3.545630317092034,3.1434648105181746,0.01969111260065928,0.021539432425503383,0.016102689108688322,0.012895007764923486
Madagascar,All sectors with LULUCF,29820.5883,23009.407,12599.2152,12712.5603,587041.0,16216431.0,21731053.0,24850912.0,28225177.0,0.05079813556463688,0.039195570667125465,0.021462240627145295,0.021655319304784502,0.0018389119221115917,0.00105882614155881,0.0005069920653213854,0.00045039789475899477
Madagascar,All sectors without LULUCF,1913.5,2008.0,3558.0,3653.0,587041.0,16216431.0,21731053.0,24850912.0,28225177.0,0.0032595679007088093,0.0034205447319693174,0.006060905456348024,0.00622273401687446,0.00011799760378840449,9.240233319572687e-05,0.00014317381993868072,0.00012942345764563318
Malawi,All sectors with LULUCF,8827.1236,9019.6577,9028.5536,9223.0626,118484.0,11229387.0,14718422.0,16938942.0,19377061.0,0.07450055366125384,0.0761255334053543,0.07620061442895243,0.07784226224637925,0.0007860735051699617,0.0006128141794004819,0.0005330057567940193,0.0004759784056003126
Malawi,All sectors without LULUCF,899.7,1066.0,1110.0,1316.0,118484.0,11229387.0,14718422.0,16938942.0,19377061.0,0.007593430336585531,0.008996995374902941,0.009368353532966476,0.01110698490935485,8.012013478562988e-05,7.242624243278254e-05,6.552947639823078e-05,6.791535620391554e-05
Malaysia,All sectors with LULUCF,233453.1876,319234.8882,130852.158,327429.1302,329847.0,22945150.0,28717731.0,31068833.0,33199993.0,0.7077620460395274,0.9678271689601542,0.396705618059282,0.9926697232353182,0.010174402329032496,0.011116299132407083,0.004211685646512696,0.009862325278201113
Malaysia,All sectors without LULUCF,130041.7,212857.8,250566.2,262274.2,329847.0,22945150.0,28717731.0,31068833.0,33199993.0,0.3942485455377796,0.645322831494602,0.7596437136005482,0.7951389583655453,0.005667502718439408,0.007412068871318559,0.00806487324451485,0.007899826966830987
Maldives,All sectors with LULUCF,454.31,939.25,1305.9,1667.71,298.0,282507.0,361575.0,435582.0,514438.0,1.524530201342282,3.1518456375838926,4.382214765100671,5.596342281879195,0.0016081371435044088,0.0025976630021434005,0.002998057770982272,0.003241809508628834
Maldives,All sectors without LULUCF,454.31,939.25,1305.9,1667.71,298.0,282507.0,361575.0,435582.0,514438.0,1.524530201342282,3.1518456375838926,4.382214765100671,5.596342281879195,0.0016081371435044088,0.0025976630021434005,0.002998057770982272,0.003241809508628834
Mali,All sectors with LULUCF,893.67,2061.78,3181.56,3892.22,1240192.0,11239101.0,15529181.0,18112907.0,21224040.0,0.0007205900376715863,0.0016624683919909177,0.002565376973887914,0.003138401150789555,7.951436685193949e-05,0.00013276810927762386,0.0001756515395347638,0.00018338732870838915
Mali,All sectors without LULUCF,893.67,2061.78,3181.56,3892.22,1240192.0,11239101.0,15529181.0,18112907.0,21224040.0,0.0007205900376715863,0.0016624683919909177,0.002565376973887914,0.003138401150789555,7.951436685193949e-05,0.00013276810927762386,0.0001756515395347638,0.00018338732870838915
Malta,All sectors with LULUCF,2152.5072,2606.2045,1677.2661,2212.9852,316.0,399212.0,418755.0,456579.0,515357.0,6.81173164556962,8.247482594936708,5.307804113924051,7.003117721518987,0.005391890023345992,0.006223697627491014,0.0036735506889278746,0.004294081966481488
Malta,All sectors without LULUCF,2152.63,2606.654,1677.571,2217.52,316.0,399212.0,418755.0,456579.0,515357.0,6.812120253164557,8.24890506329114,5.308768987341772,7.017468354430379,0.00539219762932978,0.00622477104750988,0.0036742184813581,0.004302881303640001
Mauritania,All sectors with LULUCF,1522.4049,2424.0075,3391.7248,2566.212,1030700.0,2695003.0,3419461.0,3946220.0,4498604.0,0.0014770591830794606,0.002351807024352382,0.003290700300766469,0.0024897758804695836,0.0005648991485352707,0.0007088858448743823,0.0008594870027520006,0.0005704462984516974
Mauritania,All sectors without LULUCF,1124.28,2028.13,2996.1,3648.7,1030700.0,2695003.0,3419461.0,3946220.0,4498604.0,0.0010907926651790045,0.0019677209663335597,0.0029068594159309207,0.0035400213447171823,0.0004171720773594686,0.0005931139439812298,0.0007592328861543452,0.0008110738353498107
Mauritius,All sectors with LULUCF,2676.5485,4014.9151,4229.9799,4770.3274,2040.0,1215930.0,1283330.0,1293153.0,1297828.0,1.3120335784313726,1.968095637254902,2.0735195588235293,2.3383957843137257,0.002201235679685508,0.003128513398736101,0.0032710591090149427,0.0036756237344239763
Mauritius,All sectors without LULUCF,2699.4858,3930.352,4224.852,4795.352,2040.0,1215930.0,1283330.0,1293153.0,1297828.0,1.3232773529411765,1.926643137254902,2.071005882352941,2.350662745098039,0.0022200996767906046,0.0030626199029088388,0.0032670936849699917,0.003694905642350142
Mexico,All sectors with LULUCF,448347.905,434538.1912,513897.0384,405922.7793,1964375.0,97873442.0,112532401.0,120149897.0,125998302.0,0.22823946802418074,0.2212093878205536,0.26160841916640154,0.20664220390709512,0.004580894426906944,0.0038614495677560456,0.0042771325754861035,0.0032216527751302553
Mexico,All sectors without LULUCF,426036.4,501269.0,500047.0,391475.0,1964375.0,97873442.0,112532401.0,120149897.0,125998302.0,0.21688139993636654,0.25517989182309897,0.25455781100859054,0.19928730512249443,0.0043529316155040305,0.00445444152569001,0.00416185958111974,0.0031069863147838296
Mongolia,All sectors with LULUCF,31111.2522,37702.4498,46260.8312,62366.3849,1564116.0,2450979.0,2702520.0,2964749.0,3294335.0,0.019890629723115165,0.024104637891307297,0.029576342931086953,0.039873247828166196,0.012693398107450125,0.013950849503426432,0.015603624859979716,0.01893140342436334
Mongolia,All sectors without LULUCF,7516.81,14096.791,23506.828,39912.895,1564116.0,2450979.0,2702520.0,2964749.0,3294335.0,0.004805788061755011,0.009012625022696525,0.015028826506473945,0.02551786120722504,0.003066860221976606,0.005216165282773115,0.007928775083489362,0.012115615139322503
Morocco,All sectors with LULUCF,28565.6862,50076.1562,57349.5305,61170.8012,446550.0,28554415.0,32464865.0,34680458.0,36688772.0,0.0639697373194491,0.11214008778412271,0.12842801589967529,0.13698533467696786,0.0010003947270500902,0.0015424723374022962,0.0016536555111238728,0.0016672894148651255
Morocco,All sectors without LULUCF,33460.0,54600.0,58790.0,63110.0,446550.0,28554415.0,32464865.0,34680458.0,36688772.0,0.07493001903482253,0.1222707423580786,0.13165379016907403,0.1413279587952077,0.0011717977762808309,0.0016818181748176066,0.00169519099199901,0.0017201447898010868
Mozambique,All sectors with LULUCF,49834.66,52527.666,52940.6786,61897.5534,799380.0,17768505.0,23073723.0,26843246.0,31178239.0,0.06234163977082239,0.06571050814381145,0.06622717431009031,0.07743195151242212,0.002804662519441,0.002276514544271854,0.0019722159756685163,0.0019852806119037064
Mozambique,All sectors without LULUCF,1478.0,3600.0,7360.0,9070.0,799380.0,17768505.0,23073723.0,26843246.0,31178239.0,0.0018489329230153369,0.004503490204908804,0.009207135530035777,0.01134629337736746,8.318088663058597e-05,0.00015602163552019759,0.0002741844261308785,0.000290908027230146
Myanmar,All sectors with LULUCF,148447.4023,136133.8135,128614.972,131409.3332,676578.0,45538332.0,49390988.0,51483949.0,53423198.0,0.2194091476518598,0.20120934097768475,0.19009629636198633,0.19422643538512926,0.003259833985575053,0.0027562480325358137,0.0024981566973426997,0.0024597803598354405
Myanmar,All sectors without LULUCF,10541.6,13501.9,22605.0,29463.9,676578.0,45538332.0,49390988.0,51483949.0,53423198.0,0.015580760828758844,0.019956161743361445,0.03341078190541224,0.04354841570373261,0.0002314884963287632,0.0002733676839993563,0.00043906888339120993,0.0005515188364425507
Namibia,All sectors with LULUCF,12210.4157,13741.1274,14458.8193,14586.6538,824292.0,1819141.0,2099271.0,2282704.0,2489098.0,0.01481321631169537,0.016670218078059715,0.01754089485279488,0.017695978852154334,0.006712187620420846,0.0065456662812947925,0.006334075421079562,0.005860216753217431
Namibia,All sectors without LULUCF,1650.25,3180.5,3898.4,4024.86,824292.0,1819141.0,2099271.0,2282704.0,2489098.0,0.002002021128435069,0.0038584627777535144,0.004729392011568716,0.004882808519311118,0.0009071589283073714,0.0015150497482221208,0.0017077991715088773,0.0016169953935120272
Nauru,All sectors with LULUCF,84.683,44.452,55.467,55.087,21.0,10377.0,10241.0,11185.0,12315.0,4.03252380952381,2.116761904761905,2.641285714285714,2.6231904761904765,0.0081606437313289,0.00434059173908798,0.0049590523021904335,0.0044731628095818115
Nauru,All sectors without LULUCF,84.683,44.452,55.467,55.087,21.0,10377.0,10241.0,11185.0,12315.0,4.03252380952381,2.116761904761905,2.641285714285714,2.6231904761904765,0.0081606437313289,0.00434059173908798,0.0049590523021904335,0.0044731628095818115
Nepal,All sectors with LULUCF,1267.3755,206.3861,9289.2723,16921.3214,147181.0,24559500.0,27161567.0,27610325.0,29348627.0,0.008610999381713672,0.0014022604819915615,0.06311461601701307,0.11496946888525014,5.1604287546570575e-05,7.5984607220930955e-06,0.000336441975963702,0.0005765626242072586
Nepal,All sectors without LULUCF,3106.0,4920.0,6830.0,14550.0,147181.0,24559500.0,27161567.0,27610325.0,29348627.0,0.021103267405439562,0.03342822782832023,0.04640544635516813,0.0988578688825324,0.0001264683727274578,0.0001811382973596479,0.0002473712279735932,0.0004957642481878284
Netherlands,All sectors with LULUCF,195276.1813,206224.979,185869.1523,161749.416,41543.0,15899135.0,16617116.0,17041107.0,17434557.0,4.700579671665503,4.964133042871242,4.474138899453578,3.8935420167055823,0.01228218901845918,0.012410395341766887,0.010907105524306607,0.00927751797765782
Netherlands,All sectors without LULUCF,188412.2,199812.9,179213.1,155113.6,41543.0,15899135.0,16617116.0,17041107.0,17434557.0,4.5353537298702555,4.80978504200467,4.313918108947356,3.7338083431625066,0.01185046859467512,0.012024523389016481,0.010516517500887708,0.008896905152221534
New Caledonia,All sectors with LULUCF,-207.8877,-36.1947,30.9357,30.9357,19060.0,221537.0,261426.0,283032.0,286403.0,-0.010907014690451206,-0.0018989874081846798,0.0016230692549842603,0.0016230692549842603,-0.0009383881699219543,-0.00013845103394459618,0.00010930106843042484,0.00010801458085285419
New Zealand,All sectors with LULUCF,11631.139,12642.5887,22932.6293,23857.7889,268838.0,3855266.0,4346338.0,4590590.0,5061133.0,0.04326449013904284,0.0470267919713731,0.08530278197278658,0.08874410946369189,0.0030169485062768687,0.0029087909637952685,0.0049955734012403635,0.004713922534736787
New Zealand,All sectors without LULUCF,36223.16,34162.6,38332.4,33162.15,268838.0,3855266.0,4346338.0,4590590.0,5061133.0,0.13473973173435305,0.1270750414747915,0.14258549758590677,0.12335365536122127,0.00939576153759559,0.007860088193785204,0.008350212064244465,0.006552317435641387
Nicaragua,All sectors with LULUCF,23244.7479,28107.5408,16256.5035,24474.3469,130370.0,5123222.0,5855734.0,6298598.0,6755895.0,0.1782982887167293,0.21559822658587097,0.12469512541228811,0.18772989874971235,0.004537134619581193,0.0048000030056010055,0.002580971749586178,0.0036226653759420476
Nicaragua,All sectors without LULUCF,3752.0,4509.0,5302.0,4990.0,130370.0,5123222.0,5855734.0,6298598.0,6755895.0,0.028779627214850043,0.034586177801641485,0.04066886553654982,0.038275676919536705,0.0007323516334056966,0.0007700144849475745,0.0008417746298461975,0.0007386142028554322
Niger,All sectors with LULUCF,6450.4635,2462.9455,3410.6362,3869.1022,1267000.0,11622665.0,16647543.0,20128124.0,24333639.0,0.005091131412786109,0.0019439191002367797,0.002691899131807419,0.0030537507498026835,0.0005549900560671756,0.00014794648675783565,0.0001694463030931248,0.00015900220267096095
Niger,All sectors without LULUCF,779.8,1231.6,2180.9,2625.0,1267000.0,11622665.0,16647543.0,20128124.0,24333639.0,0.0006154696132596685,0.0009720599842146803,0.0017213101815311761,0.0020718232044198894,6.70930462161647e-05,7.398088714953311e-05,0.00010835088257604138,0.00010787535723695087
Nigeria,All sectors with LULUCF,126822.6758,163492.9575,158192.9575,194591.2677,923768.0,122851984.0,160952853.0,183995785.0,208327405.0,0.13728844883130828,0.17698486795385854,0.1712474966658295,0.21064950041568878,0.0010323209415974918,0.0010157816680640014,0.000859764029377086,0.0009340646647040988
Nigeria,All sectors without LULUCF,80830.0,117500.0,112200.0,148600.0,923768.0,122851984.0,160952853.0,183995785.0,208327405.0,0.08750032475686537,0.12719643893271904,0.12145906764469001,0.16086290064171957,0.0006579462322724882,0.0007300274447449527,0.0006097965776770375,0.0007133002976732706
North Macedonia,All sectors with LULUCF,12303.1,9037.1,7527.3,7122.7,25713.0,2037936.0,2093828.0,2107962.0,2111072.0,0.4784778127795279,0.35146035079531757,0.29274297048185743,0.27700773927585265,0.006037039435978363,0.004316066076105583,0.0035708897978236802,0.0033739730336056753
North Macedonia,All sectors without LULUCF,12303.1,9037.1,7527.3,7122.7,25713.0,2037936.0,2093828.0,2107962.0,2111072.0,0.4784778127795279,0.35146035079531757,0.29274297048185743,0.27700773927585265,0.006037039435978363,0.004316066076105583,0.0035708897978236802,0.0033739730336056753
Norway,All sectors with LULUCF,36503.7477,38244.3136,39212.5935,37157.913,323802.0,4491202.0,4889741.0,5190356.0,5379839.0,0.11273478144050994,0.11811018338367274,0.12110052902699799,0.11475504474956918,0.00812783475336892,0.00782133728555357,0.007554894789490355,0.006906881971746738
Norway,All sectors without LULUCF,47590.143,56980.138,54020.196,51940.179,323802.0,4491202.0,4889741.0,5190356.0,5379839.0,0.14697297422498934,0.17597216200023472,0.16683095224859637,0.1604072210795486,0.010596304285578782,0.011652997162835414,0.010407801699921932,0.009654597284416875
Oman,All sectors with LULUCF,22327.0,51710.0,72100.0,77919.107,309500.0,2344253.0,2881914.0,4191776.0,4543399.0,0.0721389337641357,0.16707592891760906,0.23295638126009693,0.25175801938610665,0.009524142658663548,0.017942936534539197,0.017200346583405222,0.017149959094501715
Oman,All sectors without LULUCF,22327.0,51710.0,72100.0,77900.0,309500.0,2344253.0,2881914.0,4191776.0,4543399.0,0.0721389337641357,0.16707592891760906,0.23295638126009693,0.2516962843295638,0.009524142658663548,0.017942936534539197,0.017200346583405222,0.01714575365271683
Pakistan,All sectors with LULUCF,117276.7602,167665.3035,181853.1763,269895.417,796095.0,154369924.0,194454498.0,210969298.0,227196741.0,0.14731503174872346,0.210609667816027,0.22843150164239193,0.33902413279822136,0.000759712495550623,0.0008622341227612025,0.0008619888202879643,0.001187937009184476
Pakistan,All sectors without LULUCF,109230.0,160600.0,176400.0,262900.0,796095.0,154369924.0,194454498.0,210969298.0,227196741.0,0.13720724285418198,0.20173471759023734,0.22158159516138148,0.3302369692059365,0.00070758601915228,0.0008259001548012533,0.0008361406217505639,0.0011571468800250088
Panama,All sectors with LULUCF,11574.3413,13332.6953,15021.352,14457.1264,75420.0,3001731.0,3623617.0,3957099.0,4294396.0,0.1534651458499072,0.17677930654998672,0.1991693450013259,0.1916882312383983,0.003855888918760542,0.003679388660556565,0.003796051602449168,0.0033665098421291374
Panama,All sectors without LULUCF,5749.0,9104.0,10792.0,10230.0,75420.0,3001731.0,3623617.0,3957099.0,4294396.0,0.0762264651286131,0.12071068682047202,0.14309201803235216,0.13564041368337312,0.0019152282466350248,0.0025124068023745336,0.002727250442811767,0.0023821743500133663
Papua New Guinea,All sectors with LULUCF,29420.3363,29641.5992,38377.9069,41982.2481,462840.0,5508297.0,7583269.0,8682174.0,9749640.0,0.06356480922132918,0.06404286405669346,0.08291830200501253,0.09070574734249416,0.005341094770307411,0.0039088154725884046,0.004420310730929834,0.004306030591898777
Papua New Guinea,All sectors without LULUCF,3019.687,4777.423,6579.451,8754.111,462840.0,5508297.0,7583269.0,8682174.0,9749640.0,0.006524256762596145,0.01032197519661222,0.014215389767522254,0.018913903292714546,0.0005482070048147367,0.0006299951907284312,0.0007578114651929344,0.0008978906913486037
Paraguay,All sectors with LULUCF,45801.2798,61526.2911,74430.6501,52516.5322,406752.0,5123819.0,5768613.0,6177950.0,6618695.0,0.1126024698096137,0.15126241813193297,0.1829877913323106,0.12911192126897963,0.00893889495315896,0.010665699207071094,0.012047790950072435,0.007934575048404557
Paraguay,All sectors without LULUCF,3769.2,5223.0745,6261.0119,6549.0,406752.0,5123819.0,5768613.0,6177950.0,6618695.0,0.009266580127448666,0.012840931329163715,0.0153927009578318,0.01610071984894973,0.0007356231748233105,0.0009054298667634664,0.0010134448967699641,0.0009894699785985002
Peru,All sectors with LULUCF,88826.4518,108325.0626,138643.6263,136636.9147,1285216.0,26654439.0,29229572.0,30711863.0,33304756.0,0.06911402581355974,0.08428549177725768,0.10787573940878421,0.10631435859808779,0.003332520027902294,0.0037060091950713477,0.004514334617212899,0.004102624703210557
Peru,All sectors without LULUCF,29096.73,43487.98,49818.63,46889.27,1285216.0,26654439.0,29229572.0,30711863.0,33304756.0,0.022639564088837986,0.03383709819983567,0.038762846089684534,0.03648357163309514,0.001091627927340733,0.0014878076216784837,0.0016221298590710696,0.0014078851080608426
Philippines,All sectors with LULUCF,75944.1009,86902.2549,115960.552,139605.1111,300000.0,77958223.0,94636700.0,103031365.0,112190977.0,0.25314700300000004,0.289674183,0.3865351733333333,0.4653503703333334,0.0009741640840120227,0.0009182722442773258,0.0011254878744933641,0.0012443523965389837
Philippines,All sectors without LULUCF,73540.0,84519.0,113531.0,137143.0,300000.0,77958223.0,94636700.0,103031365.0,112190977.0,0.24513333333333334,0.28173,0.37843666666666664,0.45714333333333335,0.0009433257605166296,0.0008930890447363443,0.001101907171665638,0.0012224066824910527
Poland,All sectors with LULUCF,311470.8511,270440.2184,287874.6846,274239.3329,312685.0,38504431.0,38597353.0,38553146.0,38428366.0,0.9961170222428324,0.8648966800454132,0.9206539635735643,0.8770466536610326,0.008089220980826857,0.007006703760229361,0.0074669570312108895,0.007136377666955706
Poland,All sectors without LULUCF,309193.0,326506.0,299445.0,291703.0,312685.0,38504431.0,38597353.0,38553146.0,38428366.0,0.9888322113308922,1.0442010329884708,0.9576570670163264,0.932897324783728,0.00803006282575634,0.008459284759760597,0.00776707042273541,0.007590824965079181
Portugal,All sectors with LULUCF,64719.407,51886.2464,50662.2574,39827.9523,92212.0,10300626.0,10588401.0,10365435.0,10298192.0,0.7018544983299354,0.5626843187437645,0.54941067756908,0.43191723745282606,0.006283055709429699,0.004900291026000999,0.004887615174857592,0.003867470357903601
Portugal,All sectors without LULUCF,63315.91,51342.1,51515.7,39580.7,92212.0,10300626.0,10588401.0,10365435.0,10298192.0,0.686634169088622,0.5567832820023424,0.5586659003166615,0.4292358912072181,0.0061468021458113324,0.0048489002258225765,0.0049699506098875735,0.0038434610657870814
Puerto Rico,All sectors with LULUCF,-1157.5904,-2204.6738,-532.2177,-2629.9635,9104.0,3827108.0,3717922.0,3497335.0,3271564.0,-0.12715184534270652,-0.24216539982425309,-0.05845976493848858,-0.2888799978031634,-0.00030247131776788114,-0.0005929854902819371,-0.0001521780727325235,-0.0008038856950376027
Qatar,All sectors with LULUCF,39120.0062,79280.0202,120900.0281,107200.0365,11586.0,645937.0,1713504.0,2414573.0,2760385.0,3.3764894010012085,6.842742982910409,10.435010193336785,9.252549326773693,0.06056319145675198,0.046267776556109586,0.05007097656604294,0.038835175709185495
Qatar,All sectors without LULUCF,39120.0062,79280.0202,120900.0281,107200.0365,11586.0,645937.0,1713504.0,2414573.0,2760385.0,3.3764894010012085,6.842742982910409,10.435010193336785,9.252549326773693,0.06056319145675198,0.046267776556109586,0.05007097656604294,0.038835175709185495
Romania,All sectors with LULUCF,96304.0823,81107.3899,-209168.9497,49097.1837,238391.0,21919876.0,20335211.0,19906079.0,19442038.0,0.40397532750816934,0.34022840585424785,-0.8774196580407817,0.2059523375463,0.0043934592650067905,0.003988519710958495,-0.010507792604460175,0.0025253105512909706
Romania,All sectors without LULUCF,95653.8,83843.85,75997.24,72013.3,238391.0,21919876.0,20335211.0,19906079.0,19442038.0,0.4012475303178392,0.35170727921775574,0.31879240407565723,0.30208061545947623,0.004363792933865137,0.004123087289332774,0.0038177905352430284,0.0037039995498414314
Rwanda,All sectors with LULUCF,3040.653,2862.8828,2323.7593,2313.4009,26338.0,8109989.0,10309031.0,11642959.0,13146362.0,0.11544737641430632,0.10869780545219834,0.08822838863998786,0.08783510137443998,0.00037492689570848984,0.00027770629460712647,0.00019958494228142521,0.00017597270636545686
Rwanda,All sectors without LULUCF,546.7,599.9,957.2,1053.0,26338.0,8109989.0,10309031.0,11642959.0,13146362.0,0.02075708102361607,0.02277697623206014,0.03634292656997494,0.03998025666337611,6.74106956248646e-05,5.819169619336676e-05,8.221277769680372e-05,8.009820511560537e-05
Saint Kitts and Nevis,All sectors with LULUCF,172.473,220.673,235.645,231.641,261.0,45461.0,47403.0,47790.0,47642.0,0.660816091954023,0.8454904214559387,0.9028544061302682,0.8875134099616858,0.00379386727084754,0.004655253886884796,0.004930843272651183,0.004862117459384576
Saint Kitts and Nevis,All sectors without LULUCF,172.473,220.673,235.645,231.641,261.0,45461.0,47403.0,47790.0,47642.0,0.660816091954023,0.8454904214559387,0.9028544061302682,0.8875134099616858,0.00379386727084754,0.004655253886884796,0.004930843272651183,0.004862117459384576
Saint Lucia,All sectors with LULUCF,211.9,248.1785,215.0014,185.8876,616.0,159500.0,170935.0,175623.0,179237.0,0.3439935064935065,0.40288717532467533,0.34902824675324673,0.3017655844155844,0.0013285266457680252,0.0014518881446163748,0.0012242212010955284,0.0010371050620128655
Saint Lucia,All sectors without LULUCF,349.9029,369.301,361.2222,332.2607,616.0,159500.0,170935.0,175623.0,179237.0,0.5680241883116883,0.5995146103896104,0.5863996753246753,0.5393842532467532,0.0021937485893416928,0.002160476204405183,0.002056804632650621,0.001853750620686577
Saint Vincent and the Grenadines,All sectors with LULUCF,101.2278,221.2848,214.2448,241.2254,389.0,113813.0,109308.0,106482.0,104632.0,0.26022570694087405,0.5688555269922879,0.5507578406169665,0.6201167095115682,0.0008894221222531697,0.002024415413327478,0.002012028324035987,0.002305464867344598
Saint Vincent and the Grenadines,All sectors without LULUCF,148.0548,221.2848,214.2448,241.2254,389.0,113813.0,109308.0,106482.0,104632.0,0.38060359897172236,0.5688555269922879,0.5507578406169665,0.6201167095115682,0.001300860182931651,0.002024415413327478,0.002012028324035987,0.002305464867344598
Samoa,All sectors with LULUCF,251.7861,295.0243,345.384,448.4136,2831.0,184008.0,194672.0,203571.0,214929.0,0.08893892617449664,0.1042120452137054,0.12200070646414694,0.15839406570116565,0.001368343224207643,0.0015154942672803483,0.0016966267297404837,0.0020863336264533867
Samoa,All sectors without LULUCF,144.4,188.39,236.59,341.78,2831.0,184008.0,194672.0,203571.0,214929.0,0.05100671140939597,0.06654539032144118,0.08357117626280466,0.12072765807135287,0.0007847484891961219,0.0009677303361551738,0.0011621989379626764,0.0015901995542714105
Sao Tome and Principe,All sectors with LULUCF,57.395,108.946,330.3274,329.4474,836.0,143714.0,182138.0,201124.0,218641.0,0.0686543062200957,0.1303181818181818,0.3951284688995215,0.39407583732057416,0.0003993695812516526,0.0005981508526501883,0.0016424066744893699,0.0015067960720999264
Sao Tome and Principe,All sectors without LULUCF,48.366,99.917,115.02,114.14,836.0,143714.0,182138.0,201124.0,218641.0,0.057854066985645936,0.11951794258373206,0.13758373205741625,0.1365311004784689,0.00033654341261115826,0.0005485785503299696,0.0005718860006761997,0.0005220429837038799
Saudi Arabia,All sectors with LULUCF,311500.0,562700.0,701300.0,613200.0,2149690.0,21547390.0,29411929.0,32749848.0,35997107.0,0.14490461415366868,0.26175867218064,0.3262330847703622,0.285250431457559,0.014456507261436304,0.019131693130362174,0.021413839844386454,0.017034702260934467
Saudi Arabia,All sectors without LULUCF,311500.0,562700.0,701300.0,613200.0,2149690.0,21547390.0,29411929.0,32749848.0,35997107.0,0.14490461415366868,0.26175867218064,0.3262330847703622,0.285250431457559,0.014456507261436304,0.019131693130362174,0.021413839844386454,0.017034702260934467
Senegal,All sectors with LULUCF,8859.2927,13768.9138,14421.4654,15929.6657,196722.0,9704287.0,12530121.0,14356181.0,16436119.0,0.04503458027063572,0.06999173351226604,0.07330885920232612,0.08097551722735637,0.0009129256688306931,0.0010988651905276892,0.0010045474767976246,0.0009691865640544462
Senegal,All sectors without LULUCF,3973.0,7400.0,9950.0,11600.0,196722.0,9704287.0,12530121.0,14356181.0,16436119.0,0.02019601264728907,0.03761653500879414,0.05057898964020292,0.05896646028405567,0.0004094066879926367,0.0005905768986588397,0.0006930812588668253,0.0007057627168554815
Seychelles,All sectors with LULUCF,573.92,446.38,482.85,399.17,455.0,80060.0,92409.0,99240.0,105530.0,1.2613626373626372,0.9810549450549451,1.0612087912087913,0.8772967032967033,0.007168623532350736,0.004830481879470615,0.004865477629987908,0.0037825262958400456
Seychelles,All sectors without LULUCF,573.92,446.38,482.85,399.17,455.0,80060.0,92409.0,99240.0,105530.0,1.2613626373626372,0.9810549450549451,1.0612087912087913,0.8772967032967033,0.007168623532350736,0.004830481879470615,0.004865477629987908,0.0037825262958400456
Sierra Leone,All sectors with LULUCF,3756.2704,3951.6704,4282.8008,4569.7792,71740.0,4584067.0,6436698.0,7314773.0,8233969.0,0.05235949818790075,0.055083222748815164,0.059698923891831616,0.06369918037357122,0.0008194187388622374,0.0006139281973459062,0.0005855001652136026,0.0005549910620261018
Sierra Leone,All sectors without LULUCF,410.9,606.3,937.6,1223.9,71740.0,4584067.0,6436698.0,7314773.0,8233969.0,0.005727627543908559,0.008451352104822972,0.013069417340395875,0.017060217451909675,8.963656072217095e-05,9.41942592304315e-05,0.0001281789605774506,0.000148640345864795
Singapore,All sectors with LULUCF,51176.8945,63280.4567,72047.7477,46873.9369,716.0,4053602.0,5163590.0,5650018.0,5909869.0,71.47610963687151,88.38052611731844,100.62534594972068,65.46639231843575,0.01262504175298907,0.01225512806012871,0.012751773127094464,0.007931468007158873
Singapore,All sectors without LULUCF,51226.8,63334.7,72097.8,46841.3,716.0,4053602.0,5163590.0,5650018.0,5909869.0,71.54581005586593,88.45628491620111,100.69525139664805,65.42081005586593,0.012637353149125148,0.012265633018888021,0.012760631913031074,0.00792594556664454
Slovakia,All sectors with LULUCF,28679.6295,30250.4371,26075.8336,29809.4499,49035.0,5376690.0,5396424.0,5424444.0,5456681.0,0.5848807892321811,0.6169152054654838,0.5317800265116753,0.6079218904863872,0.005334067893071759,0.005605644978971259,0.004807097944047353,0.005462926988035401
Slovakia,All sectors without LULUCF,38082.4,38620.3,33650.3,30842.0,49035.0,5376690.0,5396424.0,5424444.0,5456681.0,0.7766370959518711,0.7876068114612013,0.6862506372998879,0.6289793004996431,0.0070828706880999275,0.0071566466978873425,0.0062034560592753845,0.005652153754269308
Slovenia,All sectors with LULUCF,5849.5968,4521.5354,10822.2611,12511.1531,20273.0,1984339.0,2057286.0,2080862.0,2117641.0,0.2885412519114093,0.2230323780397573,0.5338263256548118,0.6171337789177724,0.002947881788343625,0.0021978156658821377,0.005200854789986073,0.005908061423064627
Slovenia,All sectors without LULUCF,15201.42,16033.45,13442.0,12148.59,20273.0,1984339.0,2057286.0,2080862.0,2117641.0,0.7498357421200612,0.790877028560154,0.663049376017363,0.5992497410348739,0.0076606970885519056,0.007793495897021611,0.006459822900317273,0.005736850580433606
Solomon Islands,All sectors with LULUCF,4143.3816,2030.8527,-17523.1191,45747.6743,28896.0,429978.0,540394.0,612660.0,691191.0,0.14338945182724253,0.07028144725913621,-0.6064202346345515,1.5831836344130674,0.009636264180958094,0.003758096314910972,-0.028601702575653705,0.06618673318952359
Solomon Islands,All sectors without LULUCF,231.05,338.48,301.59,337.03,28896.0,429978.0,540394.0,612660.0,691191.0,0.007995916389811739,0.01171373200442968,0.010437084717607972,0.011663552048726466,0.0005373530738781984,0.0006263578056010984,0.0004922632455195377,0.0004876076222057289
Somalia,All sectors with LULUCF,17858.6517,17998.7517,18018.8517,17977.0517,637657.0,8721465.0,12026649.0,13763906.0,16537016.0,0.02800667396421587,0.028226384560978708,0.02825790620976481,0.02819235372621958,0.0020476664986903,0.0014965724617056672,0.0013091379511019619,0.0010870795372030842
Somalia,All sectors without LULUCF,506.5,646.6,666.7,624.9,637657.0,8721465.0,12026649.0,13763906.0,16537016.0,0.0007943141845851296,0.001014024781347966,0.001045546430134069,0.00097999394658884,5.807510550119733e-05,5.3763937070084946e-05,4.8438284888025245e-05,3.778795400572872e-05
South Africa,All sectors with LULUCF,473832.0188,534316.611,516110.3816,486369.6678,1219090.0,46813266.0,51784921.0,55876504.0,58801927.0,0.3886768153294671,0.4382913574879624,0.4233570791327958,0.39896124798005067,0.010121746660444499,0.010317996062985208,0.00923662621412392,0.00827132192113364
South Africa,All sectors without LULUCF,467400.0,527800.0,509700.0,479700.0,1219090.0,46813266.0,51784921.0,55876504.0,58801927.0,0.3834007333338802,0.4329458858656867,0.41809874578579104,0.3934902263163507,0.009984349308164057,0.010192156129773762,0.00912190211470639,0.008157895913853299
Spain,All sectors with LULUCF,264162.233,264624.9544,257823.2338,202116.5238,505370.0,40741651.0,46572772.0,46431342.0,47363807.0,0.5227105546431328,0.5236261638007796,0.5101672711082968,0.3999377165245266,0.006483837216120673,0.005681967017123223,0.005552784448918146,0.004267320061497591
Spain,All sectors without LULUCF,306830.0,283800.0,265720.0,216020.0,505370.0,40741651.0,46572772.0,46431342.0,47363807.0,0.6071393236638503,0.5615687516077329,0.5257929833587273,0.4274491956388389,0.007531113552565654,0.006093689248301561,0.005722858495022608,0.004560866486091373
Sri Lanka,All sectors with LULUCF,14683.0821,15467.4011,20437.3258,24761.7759,65610.0,18776371.0,20668557.0,21336697.0,21715079.0,0.22379335619570187,0.23574761621704007,0.31149711629324794,0.3774085642432556,0.0007819978684912009,0.0007483541836036255,0.000957848621086947,0.0011403032841833087
Sri Lanka,All sectors without LULUCF,10204.0,13131.0,19942.0,22980.0,65610.0,18776371.0,20668557.0,21336697.0,21715079.0,0.15552507239750038,0.2001371742112483,0.3039475689681451,0.3502514860539552,0.000543448997679051,0.0006353128571094731,0.0009346338845229887,0.0010582508127186642
Suriname,All sectors with LULUCF,5562.8654,6259.7376,10853.0806,11933.7571,163820.0,478998.0,546080.0,575475.0,607065.0,0.03395718105237455,0.03821107068733977,0.06625003418386033,0.07284676535221585,0.011613546194347367,0.011463041312628187,0.01885934332507928,0.019658120794313626
Suriname,All sectors without LULUCF,2241.539,2442.185,2751.894,2715.809,163820.0,478998.0,546080.0,575475.0,607065.0,0.013682938591136614,0.014907734098400684,0.016798278598461724,0.016578006348431207,0.004679641668649974,0.004472211031350717,0.004781952300273687,0.004473670858968974
Sweden,All sectors with LULUCF,59386.0261,50952.883,23466.6962,30063.0494,450295.0,8871043.0,9381729.0,9849349.0,10368969.0,0.13188249058950244,0.11315444986064692,0.05211405012269734,0.06676300958260696,0.0066943679677801135,0.005431075977573004,0.0023825631724492652,0.002899328698928505
Sweden,All sectors without LULUCF,53780.0,57797.0,41326.0,41385.0,450295.0,8871043.0,9381729.0,9849349.0,10368969.0,0.11943281626489302,0.12835363483938306,0.09177539168767142,0.09190641690447374,0.00606242129589497,0.006160591507173145,0.004195810301777305,0.003991235772814057
Switzerland,All sectors with LULUCF,38542.1201,37672.2441,34191.5472,27954.7531,41277.0,7182059.0,7822435.0,8281732.0,8638613.0,0.9337432492671464,0.9126691401991425,0.8283438040555273,0.677247694842164,0.005366444372010868,0.004815922931925929,0.0041285503080756535,0.003236023317632125
Switzerland,All sectors without LULUCF,39464.4,39510.2,35879.53,29688.63,41277.0,7182059.0,7822435.0,8281732.0,8638613.0,0.9560869249218693,0.9571965016837464,0.869237832206798,0.7192535794752526,0.005494858786317406,0.0050508824937503475,0.0043323703302642486,0.003436735735238979
Tajikistan,All sectors with LULUCF,2900.5716,2868.8773,5268.215,6391.3452,144100.0,6272998.0,7621779.0,8524063.0,9543207.0,0.020128879944483,0.019908933379597503,0.03655943789035392,0.044353540596807774,0.00046239000873266663,0.0003764052067109267,0.000618040364084592,0.0006697271891933183
Tajikistan,All sectors without LULUCF,2867.0,3219.0,5670.0,6520.0,144100.0,6272998.0,7621779.0,8524063.0,9543207.0,0.01989590562109646,0.022338653712699514,0.03934767522553782,0.04524635669673838,0.0004570382455087663,0.0004223423429097065,0.0006651757501088389,0.000683208485365559
Thailand,All sectors with LULUCF,191351.2087,237749.445,300465.7472,302591.8299,513120.0,63066603.0,68270489.0,70294397.0,71475664.0,0.3729170733941378,0.463340826707203,0.5855662363579669,0.5897096778531338,0.00303411313750322,0.0034824628984274596,0.004274391132482436,0.004233494492614997
Thailand,All sectors without LULUCF,180009.42,271214.0,300516.5,289818.6,513120.0,63066603.0,68270489.0,70294397.0,71475664.0,0.350813493919551,0.5285586217648893,0.5856651465544123,0.564816417212348,0.0028542748687447146,0.003972638895262637,0.004275113135972985,0.004054787095087357
Togo,All sectors with LULUCF,4018.9443,3576.3149,3653.973,4425.1621,56785.0,5008035.0,6571855.0,7473229.0,8442580.0,0.07077475213524699,0.06297992251474861,0.06434750374218544,0.07792836312406444,0.0008024992437153495,0.0005441865196356279,0.000488941660960744,0.0005241480803261562
Togo,All sectors without LULUCF,1354.094,2631.147,2714.18,3613.211,56785.0,5008035.0,6571855.0,7473229.0,8442580.0,0.02384598045258431,0.04633524698423879,0.047797481729329926,0.06362967332922426,0.00027038429244204566,0.0004003659545136038,0.00036318705073804105,0.0004279747423181065
Tonga,All sectors with LULUCF,95.876,117.527,121.58,181.629,747.0,102603.0,107383.0,106122.0,105254.0,0.12834805890227577,0.15733199464524766,0.16275769745649263,0.243144578313253,0.000934436614913794,0.0010944656044252815,0.0011456625393415126,0.0017256256294297602
Tonga,All sectors without LULUCF,95.876,117.527,121.58,181.629,747.0,102603.0,107383.0,106122.0,105254.0,0.12834805890227577,0.15733199464524766,0.16275769745649263,0.243144578313253,0.000934436614913794,0.0010944656044252815,0.0011456625393415126,0.0017256256294297602
Trinidad and Tobago,All sectors with LULUCF,34371.9145,64336.3541,60012.1329,44925.8828,5128.0,1332203.0,1410296.0,1460177.0,1518147.0,6.702791439157566,12.546090893135725,11.702834028861155,8.760897581903276,0.0258008085104147,0.04561904316540641,0.041099218040004735,0.029592577530370905
Trinidad and Tobago,All sectors without LULUCF,34290.0,64200.0,59900.0,44800.0,5128.0,1332203.0,1410296.0,1460177.0,1518147.0,6.686817472698908,12.519500780031201,11.680967238689547,8.736349453978159,0.025739320508961473,0.04552235842688344,0.04102242399380349,0.029509658814330892
Tunisia,All sectors with LULUCF,19271.8135,26741.9961,34220.4193,19994.7192,163610.0,9893316.0,10895063.0,11557779.0,12161723.0,0.1177911710775625,0.16344964305360307,0.2091584823666035,0.12220963999755516,0.0019479629984526928,0.0024545058711454904,0.0029608127391949615,0.0016440696108602373
Tunisia,All sectors without LULUCF,20190.0,28050.0,30340.0,23780.0,163610.0,9893316.0,10895063.0,11557779.0,12161723.0,0.1234032149624106,0.1714442882464397,0.18544098771468737,0.14534563901961983,0.002040771769546227,0.0025745606060286206,0.0026250718239204953,0.0019553150486982807
Turkmenistan,All sectors with LULUCF,37979.0,58553.5443,74710.0,82680.0,488100.0,4569132.0,5267970.0,5766431.0,6250438.0,0.0778098750256095,0.11996218869084205,0.15306289694734684,0.16939151813153042,0.008312082032210932,0.011115010962477008,0.012956020803855972,0.013227872990660814
Turkmenistan,All sectors without LULUCF,37979.0,58720.0,74710.0,82680.0,488100.0,4569132.0,5267970.0,5766431.0,6250438.0,0.0778098750256095,0.12030321655398483,0.15306289694734684,0.16939151813153042,0.008312082032210932,0.011146608655706087,0.012956020803855972,0.013227872990660814
Tuvalu,All sectors with LULUCF,7.1071,7.1442,10.8501,12.4372,26.0,9638.0,10550.0,10877.0,11069.0,0.27335,0.2747769230769231,0.41731153846153846,0.4783538461538462,0.0007374040257314795,0.000677175355450237,0.0009975268916061414,0.0011236064685156745
Tuvalu,All sectors without LULUCF,7.3419,7.3423,11.027,12.6369,26.0,9638.0,10550.0,10877.0,11069.0,0.2823807692307692,0.28239615384615385,0.42411538461538456,0.4860346153846154,0.000761765926540776,0.0006959526066350711,0.0010137905672519996,0.0011416478453338153
Uganda,All sectors with LULUCF,15778.2919,18062.646,19029.0766,20437.3011,241038.0,24020697.0,32341728.0,37477356.0,44404611.0,0.06545976941395133,0.07493692280885172,0.07894637609007708,0.08478871007890872,0.000656862367482509,0.0005584935350393151,0.0005077486416064143,0.0004602517765553672
Uganda,All sectors without LULUCF,1441.0,3741.0,4713.0,6115.0,241038.0,24020697.0,32341728.0,37477356.0,44404611.0,0.005978310473867191,0.015520374380803026,0.019552933562342868,0.025369443822135927,5.998993284832659e-05,0.0001156709993974348,0.00012575593646467484,0.00013771092375969694
Ukraine,All sectors with LULUCF,332855.2872,319666.0532,213870.4192,182501.7393,603550.0,48879755.0,45683020.0,44982564.0,43909666.0,0.5514957952116644,0.5296430340485462,0.35435410355397234,0.30238048098749065,0.006809675850462017,0.006997480753242672,0.004754518199540605,0.004156299874838492
Ukraine,All sectors without LULUCF,372230.1,335243.3,219109.16,185711.6,603550.0,48879755.0,45683020.0,44982564.0,43909666.0,0.6167344876149449,0.5554524065943169,0.3630339822715599,0.3076987822052854,0.007615220248137496,0.007338466239753851,0.004870979786745815,0.0042294013350044615
United Arab Emirates,All sectors with LULUCF,115500.0,163700.0,251000.0,179800.0,83600.0,3275333.0,8481771.0,8916899.0,9287289.0,1.381578947368421,1.958133971291866,3.0023923444976077,2.150717703349282,0.03526358999222369,0.01930021454245817,0.028148799263062192,0.01935979379989144
United Arab Emirates,All sectors without LULUCF,115500.0,163700.0,251000.0,179800.0,83600.0,3275333.0,8481771.0,8916899.0,9287289.0,1.381578947368421,1.958133971291866,3.0023923444976077,2.150717703349282,0.03526358999222369,0.01930021454245817,0.028148799263062192,0.01935979379989144
Uruguay,All sectors with LULUCF,-7848.5679,-3551.4403,-56.0899,6307.0286,176215.0,3292224.0,3352651.0,3402818.0,3429086.0,-0.04453972647050478,-0.020154018102885682,-0.0003183037766364952,0.03579166699770167,-0.0023839714126377793,-0.001059293168301741,-1.648336760884655e-05,0.001839273963965908
Uruguay,All sectors without LULUCF,5335.23,6371.29,6789.32,8020.36,176215.0,3292224.0,3352651.0,3402818.0,3429086.0,0.030276820928978803,0.03615634310359504,0.03852861561161081,0.045514627018131255,0.0016205549804630547,0.00190037376392592,0.0019952051505546286,0.0023389206336615646
Uzbekistan,All sectors with LULUCF,125526.4369,98664.7574,105016.1995,112494.5081,447400.0,24925554.0,28614227.0,30949417.0,33526656.0,0.2805687011622709,0.22052918506928923,0.2347255241394725,0.2514405634778722,0.005036054039159972,0.003448101442684438,0.003393155984166035,0.003355375140902809
Uzbekistan,All sectors without LULUCF,126320.0,110270.0,108140.0,115860.0,447400.0,24925554.0,28614227.0,30949417.0,33526656.0,0.28234242288779615,0.24646848457755924,0.24170764416629414,0.2589628967367009,0.005067891369636157,0.00385367740320226,0.003494088434686831,0.0034557577111179833
Vanuatu,All sectors with LULUCF,86.99,124.11,135.17,163.37,12189.0,192074.0,245453.0,276438.0,311685.0,0.007136762654852736,0.010182131429977849,0.011089506932480104,0.013403068340306834,0.00045289836208961125,0.0005056365169706624,0.0004889704020431344,0.0005241509857708905
Vanuatu,All sectors without LULUCF,86.99,124.11,135.17,163.37,12189.0,192074.0,245453.0,276438.0,311685.0,0.007136762654852736,0.010182131429977849,0.011089506932480104,0.013403068340306834,0.00045289836208961125,0.0005056365169706624,0.0004889704020431344,0.0005241509857708905
Yemen,All sectors with LULUCF,15481.0,24220.0,14136.0,16622.0,527968.0,18628700.0,24743946.0,28516545.0,32284046.0,0.029321852839566034,0.04587399236317353,0.026774349960603672,0.03148296866476756,0.0008310295404402884,0.0009788252851828888,0.0004957122260077439,0.0005148673124799785
Yemen,All sectors without LULUCF,15481.0,24220.0,14136.0,16622.0,527968.0,18628700.0,24743946.0,28516545.0,32284046.0,0.029321852839566034,0.04587399236317353,0.026774349960603672,0.03148296866476756,0.0008310295404402884,0.0009788252851828888,0.0004957122260077439,0.0005148673124799785
Zambia,All sectors with LULUCF,19972.2641,20743.1911,37821.101,39743.9226,752618.0,9891136.0,13792086.0,16248230.0,18927715.0,0.02653705345872674,0.027561380540991578,0.05025271917493337,0.052807563199391984,0.002019208319448848,0.0015039922967417692,0.0023277059101206718,0.0020997739346772706
Zambia,All sectors without LULUCF,1822.0,2607.0,4286.0,6130.0,752618.0,9891136.0,13792086.0,16248230.0,18927715.0,0.002420882838305754,0.00346390864954067,0.005694788059812547,0.008144902194738898,0.00018420533293647968,0.00018902144316675518,0.0002637825781638985,0.00032386370990898796
Zimbabwe,All sectors with LULUCF,24989.5193,19320.2547,24049.9677,97216.739,390757.0,11834676.0,12839771.0,14154937.0,15669666.0,0.06395155889721746,0.04944314420471035,0.061547119309442955,0.24879078045946715,0.002111550776717504,0.0015047195701543277,0.0016990515535321704,0.00620413600391993
Zimbabwe,All sectors without LULUCF,14588.0,8380.0,12731.0,10054.0,390757.0,11834676.0,12839771.0,14154937.0,15669666.0,0.03733266454599662,0.021445553118690133,0.03258035044797662,0.025729545471994103,0.0012326488701507334,0.0006526596151909563,0.0008994035084719911,0.0006416218443966834
